block_timestamp,spot_price
2022-12-08 19:38:35,
2022-12-08 19:38:47,0.004668780540048267
2022-12-08 19:39:35,0.06320861652762466
2022-12-08 19:39:35,0.06740074097730742
2022-12-08 19:39:35,-0.05322697237395391
2022-12-08 19:40:59,-0.0029521717076230747
2022-12-08 19:40:59,0.07151122764889006
2022-12-08 19:40:59,-0.03349687707164861
2022-12-08 19:41:47,-0.03373544492831215
2022-12-08 19:41:59,0.015142775349460402
2022-12-08 19:41:59,0.040892028156990445
2022-12-08 19:41:59,0.021365881160883893
2022-12-08 19:42:23,0.00980577960579776
2022-12-08 19:42:23,0.09377201916185074
2022-12-08 19:42:23,0.06416024067346338
2022-12-08 19:42:47,0.015669381506351554
2022-12-08 19:42:47,0.13653947129804456
2022-12-08 19:42:47,0.08156009272785858
2022-12-08 19:43:11,-0.011461652740882067
2022-12-08 19:43:11,0.17904828826513808
2022-12-08 19:43:11,0.15840614330040625
2022-12-08 19:43:35,0.08679297718295476
2022-12-08 19:43:35,0.14637389747098495
2022-12-08 19:43:35,-0.039706649568021724
2022-12-08 19:43:35,-0.013324586959600593
2022-12-08 19:44:11,0.10904155516111502
2022-12-08 19:44:11,0.04914559651509731
2022-12-08 19:44:11,0.025492996412748603
2022-12-08 19:44:11,-0.02915560952897156
2022-12-08 19:44:11,-0.02702841481628515
2022-12-08 19:44:11,0.005350860069105456
2022-12-08 19:44:11,0.0283470349985655
2022-12-08 19:44:23,0.05120802607659125
2022-12-08 19:44:47,0.028152221783888987
2022-12-08 19:44:47,0.00596988723088554
2022-12-08 19:44:59,0.020424516878780885
2022-12-08 19:44:59,0.05383444689074435
2022-12-08 19:44:59,0.01115897193271187
2022-12-08 19:44:59,-0.07349873121243666
2022-12-08 19:44:59,-0.04633333965598074
2022-12-08 19:44:59,0.0
2022-12-08 19:44:59,0.0
2022-12-08 19:46:35,0.0
2022-12-08 19:46:35,0.0
2022-12-08 19:46:35,0.0
2022-12-08 19:49:59,0.0
2022-12-08 19:49:59,0.0
2022-12-08 19:49:59,0.0
2022-12-08 19:57:23,0.0
2022-12-08 19:57:23,0.0
2022-12-08 19:57:23,0.0
2022-12-08 19:57:23,0.0
2022-12-08 19:57:47,0.0
2022-12-08 19:57:47,0.0
2022-12-08 19:57:59,0.0
2022-12-08 19:57:59,0.0
2022-12-08 19:57:59,0.0
2022-12-08 19:58:11,0.0
2022-12-08 19:58:11,0.0
2022-12-08 19:58:23,0.0
2022-12-08 19:58:23,0.0
2022-12-08 19:58:35,0.0
2022-12-08 19:58:35,0.0
2022-12-08 19:58:35,0.0
2022-12-08 19:58:35,0.0
2022-12-08 19:58:47,0.0
2022-12-08 19:59:11,0.0
2022-12-08 19:59:23,0.0
2022-12-08 19:59:23,0.0
2022-12-08 19:59:35,0.0
2022-12-08 19:59:59,0.0
2022-12-08 20:00:11,0.0
2022-12-08 20:00:11,0.0
2022-12-08 20:00:47,0.0
2022-12-08 20:00:59,0.0
2022-12-08 20:01:11,0.0
2022-12-08 20:01:11,0.0
2022-12-08 20:02:47,0.0
2022-12-08 20:02:47,0.0
2022-12-08 20:02:59,0.0
2022-12-08 20:03:59,0.0
2022-12-08 20:03:59,0.0
2022-12-08 20:04:35,0.0
2022-12-08 20:04:35,0.0
2022-12-08 20:04:35,0.0
2022-12-08 20:04:35,0.0
2022-12-08 20:04:47,0.0
2022-12-08 20:04:47,0.0
2022-12-08 20:04:59,0.0
2022-12-08 20:05:11,0.0
2022-12-08 20:05:35,0.0
2022-12-08 20:05:35,0.0
2022-12-08 20:05:59,0.0
2022-12-08 20:05:59,0.0
2022-12-08 20:05:59,0.0
2022-12-08 20:06:35,0.0
2022-12-08 20:06:47,0.0
2022-12-08 20:06:47,0.0
2022-12-08 20:07:35,0.0
2022-12-08 20:07:59,0.0
2022-12-08 20:07:59,-0.44459270376676896
2022-12-08 20:07:59,0.0
2022-12-08 20:08:11,-0.44560183789022956
2022-12-08 20:08:23,-0.006029772730557048
2022-12-08 20:09:35,0.0
2022-12-08 20:09:35,0.0
2022-12-08 20:10:11,0.0
2022-12-08 20:12:11,0.0
2022-12-08 20:12:23,0.0
2022-12-08 20:12:23,0.0
2022-12-08 20:12:23,0.0
2022-12-08 20:12:23,0.0029234240740407813
2022-12-08 20:13:23,-0.005990779999999862
2022-12-08 20:13:35,-0.0019285937679587306
2022-12-08 20:16:23,-0.003723014126467916
2022-12-08 20:16:59,0.004230671131806307
2022-12-08 20:20:23,-0.006083873946852836
2022-12-08 20:22:23,0.006719405991602034
2022-12-08 20:22:59,0.0017394066468614522
2022-12-08 20:23:35,0.0008772472237343898
2022-12-08 20:24:23,0.0001043230019963648
2022-12-08 20:24:23,0.0
2022-12-08 20:24:23,0.0
2022-12-08 20:24:47,0.0
2022-12-08 20:25:11,0.0
2022-12-08 20:25:11,0.0
2022-12-08 20:25:11,0.0008506292616157207
2022-12-08 20:25:11,0.0008730640720910898
2022-12-08 20:25:47,0.0
2022-12-08 20:25:47,0.0
2022-12-08 20:28:11,-0.005964212159456972
2022-12-08 20:30:59,-0.0008353543455759116
2022-12-08 20:32:11,0.005287002181772138
2022-12-08 20:32:47,0.0009719288496585765
2022-12-08 20:32:47,0.0017171818158425722
2022-12-08 20:33:23,0.0033748709591259196
2022-12-08 20:34:47,0.01145701514480435
2022-12-08 20:36:11,0.0
2022-12-08 20:36:11,0.0
2022-12-08 20:39:35,0.0
2022-12-08 20:39:35,0.0
2022-12-08 20:39:35,0.0
2022-12-08 20:39:47,0.0
2022-12-08 20:39:47,0.0
2022-12-08 20:39:47,0.0
2022-12-08 20:45:11,0.0
2022-12-08 20:48:35,0.0
2022-12-08 20:48:35,0.0
2022-12-08 20:51:47,0.0
2022-12-08 20:51:47,0.0
2022-12-08 20:54:11,0.009771035058214972
2022-12-08 20:54:59,0.0014242290846107064
2022-12-08 20:56:23,0.0006642505481646577
2022-12-08 20:58:59,0.0
2022-12-08 20:58:59,0.0
2022-12-08 20:58:59,0.0
2022-12-08 20:58:59,-0.005811628558799242
2022-12-08 20:59:35,0.006208578007455889
2022-12-08 21:01:59,-0.0059774046415339566
2022-12-08 21:03:11,0.008091563646497546
2022-12-08 21:03:23,-0.005191864081541597
2022-12-08 21:05:59,0.005073383067804693
2022-12-08 21:17:59,0.0008451004795797523
2022-12-08 21:18:47,0.0007417837701260144
2022-12-08 21:20:23,0.0004654862194453102
2022-12-08 21:21:59,0.0008359242374769149
2022-12-08 21:22:47,0.0
2022-12-08 21:22:47,0.0
2022-12-08 21:22:47,0.0
2022-12-08 21:25:59,0.001299719340186023
2022-12-08 21:25:59,0.019475121362297676
2022-12-08 21:25:59,0.012228239909152006
2022-12-08 21:29:23,-0.0020706130355220287
2022-12-08 21:31:35,0.00958617305129339
2022-12-08 21:31:35,0.012329883505794781
2022-12-08 21:31:35,-0.0038432014781254464
2022-12-08 21:32:59,0.003470035032085317
2022-12-08 21:32:59,0.008987133473058906
2022-12-08 21:32:59,-0.002095761271209917
2022-12-08 21:35:11,-0.007038280560071053
2022-12-08 21:39:11,-0.01164530777688455
2022-12-08 21:39:11,-0.001007027251257453
2022-12-08 21:39:23,-0.006153416937096923
2022-12-08 21:39:47,0.0
2022-12-08 21:39:47,0.0
2022-12-08 21:44:35,-0.000418560550431768
2022-12-08 21:49:11,0.0
2022-12-08 21:49:11,0.0
2022-12-08 21:52:23,0.0060006008665849375
2022-12-08 21:53:23,-0.005990790000000024
2022-12-08 21:54:11,0.006202915869053971
2022-12-08 22:12:35,-0.006645736502335575
2022-12-08 22:14:11,0.005320750895425608
2022-12-08 22:16:23,-0.0058693391806527995
2022-12-08 22:16:47,-0.01856327438232952
2022-12-08 22:17:47,-0.018542308348905467
2022-12-08 22:19:11,0.007457454838360578
2022-12-08 22:19:23,0.0014989298925360828
2022-12-08 22:19:47,-0.012128985165916761
2022-12-08 22:20:35,-0.00632279159120086
2022-12-08 22:32:23,0.010343334209701016
2022-12-08 22:32:35,0.0
2022-12-08 22:32:35,0.0
2022-12-08 22:32:35,0.0
2022-12-08 23:23:59,-0.00161521953938637
2022-12-08 23:44:59,0.0
2022-12-08 23:44:59,0.0
2022-12-08 23:44:59,0.0
2022-12-09 00:05:59,-0.0034493127604448004
2022-12-09 00:23:35,0.0
2022-12-09 00:23:35,0.0
2022-12-09 00:23:35,0.0
2022-12-09 00:25:23,0.0030592684813743887
2022-12-09 00:40:11,0.0
2022-12-09 00:40:11,0.0
2022-12-09 00:40:11,0.0
2022-12-09 00:41:59,-0.0056880993239227795
2022-12-09 00:45:11,0.0
2022-12-09 00:45:11,0.0
2022-12-09 00:45:11,0.0
2022-12-09 00:49:47,0.007133152991171343
2022-12-09 00:51:47,0.0
2022-12-09 00:51:47,0.0
2022-12-09 00:54:11,0.0018344589479977191
2022-12-09 00:54:11,0.0
2022-12-09 00:54:11,0.0
2022-12-09 00:54:11,0.0
2022-12-09 01:04:47,0.0010888827695128
2022-12-09 01:06:35,0.0
2022-12-09 01:06:35,0.0
2022-12-09 01:06:35,0.0
2022-12-09 01:09:23,0.0
2022-12-09 01:09:23,0.0
2022-12-09 01:09:23,0.0
2022-12-09 01:19:11,0.0
2022-12-09 01:19:11,0.0
2022-12-09 01:19:11,0.0
2022-12-09 01:23:11,-0.006542393343796693
2022-12-09 01:24:47,-0.001962935259042009
2022-12-09 01:25:59,0.00570984121636009
2022-12-09 01:26:59,0.0011242624851350858
2022-12-09 01:28:11,0.0008392533059009555
2022-12-09 01:34:35,0.0002815960303139686
2022-12-09 01:38:23,1.00995896203937e-05
2022-12-09 01:38:23,-0.006078806828051508
2022-12-09 01:44:35,0.006301372684554218
2022-12-09 01:45:11,-0.00563222518482942
2022-12-09 01:45:59,0.006019203036332632
2022-12-09 01:46:59,3.8329909231027415e-06
2022-12-09 01:48:23,0.0018248171279391379
2022-12-09 01:51:59,0.0018287401368379808
2022-12-09 01:58:59,0.0
2022-12-09 01:58:59,0.0
2022-12-09 01:58:59,0.0
2022-12-09 02:01:11,0.0
2022-12-09 02:04:23,0.0
2022-12-09 02:04:23,0.0
2022-12-09 02:04:23,0.0
2022-12-09 02:05:11,0.0
2022-12-09 02:05:11,0.0
2022-12-09 02:05:11,0.0
2022-12-09 02:15:59,0.009986893508159511
2022-12-09 02:15:59,0.017388374195222767
2022-12-09 02:15:59,-0.008639598430879913
2022-12-09 02:19:23,-0.011385640592430857
2022-12-09 02:19:35,0.004732861093080576
2022-12-09 02:20:23,0.0011329020836252646
2022-12-09 02:21:59,0.002418182790550949
2022-12-09 02:22:35,0.0
2022-12-09 02:22:35,0.0
2022-12-09 02:22:35,0.0
2022-12-09 02:25:35,-0.006079817278940802
2022-12-09 02:30:23,0.004637264279961473
2022-12-09 02:35:11,0.0012489252732850176
2022-12-09 02:35:59,0.0
2022-12-09 02:35:59,0.0
2022-12-09 02:36:59,0.0
2022-12-09 02:36:59,0.0
2022-12-09 02:36:59,0.0
2022-12-09 02:37:23,0.0013542190025055412
2022-12-09 03:02:11,0.0
2022-12-09 03:02:11,0.0
2022-12-09 03:02:11,0.0
2022-12-09 03:21:23,0.0003309652068561597
2022-12-09 03:22:11,0.0
2022-12-09 03:22:11,0.0
2022-12-09 03:40:47,7.567238366545936e-05
2022-12-09 03:42:59,0.0
2022-12-09 04:03:59,0.0
2022-12-09 04:03:59,0.0
2022-12-09 04:03:59,0.0
2022-12-09 05:33:11,0.0
2022-12-09 05:33:11,0.0
2022-12-09 05:33:11,0.0
2022-12-09 05:33:23,0.0
2022-12-09 05:33:23,0.0
2022-12-09 05:33:23,0.0
2022-12-09 05:40:23,-0.0062315325734437765
2022-12-09 05:43:47,0.005944175954661679
2022-12-09 05:45:35,-0.0059904442384542955
2022-12-09 05:51:59,0.005914156550935301
2022-12-09 05:56:23,-0.007392274706699453
2022-12-09 06:02:35,-0.008653499330620318
2022-12-09 06:45:47,0.0
2022-12-09 06:45:47,0.0
2022-12-09 06:45:47,0.0
2022-12-09 06:48:59,0.0
2022-12-09 06:52:11,0.0
2022-12-09 06:52:11,0.0
2022-12-09 06:52:11,0.0
2022-12-09 06:52:59,0.0
2022-12-09 06:55:47,-0.001140259942702948
2022-12-09 07:34:47,0.0004090377691299274
2022-12-09 08:16:23,0.0004485069492521365
2022-12-09 08:18:23,0.0
2022-12-09 08:18:23,0.0
2022-12-09 08:18:23,0.0
2022-12-09 08:19:35,-0.005914400654197793
2022-12-09 08:24:35,0.006383836940070831
2022-12-09 08:35:47,-0.006586746470598315
2022-12-09 09:10:35,0.0
2022-12-09 09:10:35,0.0
2022-12-09 09:10:35,0.0
2022-12-09 09:11:11,0.006169008914625129
2022-12-09 09:17:35,0.0
2022-12-09 09:21:47,0.0
2022-12-09 09:21:47,0.0
2022-12-09 09:21:47,0.0
2022-12-09 09:41:11,0.0
2022-12-09 09:41:11,0.0
2022-12-09 09:41:11,0.0
2022-12-09 09:42:11,0.0046010818155537425
2022-12-09 09:46:59,0.0
2022-12-09 10:11:59,0.0
2022-12-09 10:11:59,0.0
2022-12-09 10:11:59,0.0
2022-12-09 10:13:59,0.0
2022-12-09 10:13:59,0.0
2022-12-09 10:26:59,0.003887572394963623
2022-12-09 10:32:11,0.0
2022-12-09 10:32:11,0.0
2022-12-09 10:39:47,0.00046845822032159923
2022-12-09 10:43:11,0.0
2022-12-09 10:43:11,0.0
2022-12-09 10:43:23,0.0006593620646626608
2022-12-09 10:56:11,0.0010210881496210966
2022-12-09 11:20:47,0.00043259088098102083
2022-12-09 11:25:11,0.0033374963681251923
2022-12-09 11:28:23,-0.003481967549828213
2022-12-09 11:29:47,0.0
2022-12-09 12:21:47,0.005240570799862843
2022-12-09 12:48:59,0.0
2022-12-09 12:48:59,0.0
2022-12-09 12:48:59,0.0
2022-12-09 12:49:59,0.0001470385020230225
2022-12-09 12:50:47,0.0
2022-12-09 12:50:47,0.0
2022-12-09 13:00:59,0.0
2022-12-09 13:00:59,0.0
2022-12-09 13:00:59,0.0
2022-12-09 13:08:47,0.0
2022-12-09 13:08:47,0.0
2022-12-09 13:08:47,0.0
2022-12-09 13:10:35,0.006341278329000444
2022-12-09 13:19:59,0.006332404471894648
2022-12-09 13:23:11,0.0001300417835434775
2022-12-09 13:37:59,0.0
2022-12-09 13:37:59,0.0
2022-12-09 13:50:23,0.0
2022-12-09 13:50:23,0.0
2022-12-09 13:51:11,0.0
2022-12-09 13:51:11,0.0
2022-12-09 13:51:11,0.0
2022-12-09 13:55:35,0.0008040829696460694
2022-12-09 14:12:47,0.0025800350256151017
2022-12-09 14:24:59,0.004320243446721328
2022-12-09 14:24:59,0.017776046275627788
2022-12-09 14:24:59,0.006581280388059607
2022-12-09 14:29:47,0.0
2022-12-09 14:31:35,0.0
2022-12-09 14:31:35,0.0
2022-12-09 14:35:11,0.0
2022-12-09 14:35:11,0.0
2022-12-09 14:35:11,0.0
2022-12-09 14:35:11,0.0
2022-12-09 14:35:11,0.0
2022-12-09 14:36:47,-0.0042976227378785925
2022-12-09 14:37:23,0.005139332268182528
2022-12-09 14:43:11,0.0
2022-12-09 14:48:35,0.0
2022-12-09 14:57:11,0.0017230272121084855
2022-12-09 15:16:59,0.0011495316367158281
2022-12-09 15:19:35,0.0
2022-12-09 15:19:35,0.0
2022-12-09 15:32:59,-0.009718442924391724
2022-12-09 16:12:11,0.0023817821201699285
2022-12-09 16:44:47,0.0
2022-12-09 16:44:47,0.0
2022-12-09 16:44:47,0.0
2022-12-09 17:32:47,0.0
2022-12-09 17:32:47,0.0
2022-12-09 17:32:47,0.0
2022-12-09 17:49:35,0.0
2022-12-09 17:49:35,0.0
2022-12-09 17:49:35,0.0
2022-12-09 18:06:47,0.0
2022-12-09 18:06:47,0.0
2022-12-09 18:51:35,-0.00785563394394384
2022-12-09 21:46:35,0.0
2022-12-09 21:46:35,0.0
2022-12-09 21:46:35,0.0
2022-12-09 21:50:47,0.0
2022-12-09 21:50:47,0.0
2022-12-09 21:50:47,0.0
2022-12-09 21:56:47,0.0
2022-12-09 21:56:47,0.0
2022-12-09 22:36:35,0.0
2022-12-09 22:36:35,0.0
2022-12-09 22:36:35,0.0
2022-12-09 22:38:35,0.0
2022-12-09 22:38:35,0.0
2022-12-09 22:42:11,-0.0029479213995863285
2022-12-09 23:49:23,-0.0007524288028205595
2022-12-10 00:49:35,0.0
2022-12-10 00:49:35,0.0
2022-12-10 00:49:35,0.0
2022-12-10 01:09:35,0.005983461176001903
2022-12-10 01:20:35,0.0
2022-12-10 01:20:35,0.0
2022-12-10 01:56:47,-0.0063935081245292125
2022-12-10 02:34:59,-0.0013663299911241822
2022-12-10 02:50:59,-0.0011097495530314472
2022-12-10 02:53:35,-0.00025123480072120064
2022-12-10 02:53:59,-0.015500441943086751
2022-12-10 02:57:35,-0.02152589367559421
2022-12-10 03:05:47,0.0
2022-12-10 03:05:47,0.0
2022-12-10 03:05:47,0.0
2022-12-10 03:08:35,-0.0063977530175849395
2022-12-10 03:22:59,0.0
2022-12-10 03:22:59,0.0
2022-12-10 03:22:59,0.0
2022-12-10 03:24:23,-0.0004143408189155595
2022-12-10 03:37:35,0.0
2022-12-10 03:37:35,0.0
2022-12-10 03:37:35,0.0
2022-12-10 03:38:35,-0.00032493139593192666
2022-12-10 03:48:35,-0.00089982679055578
2022-12-10 04:25:23,0.0
2022-12-10 04:25:23,0.0
2022-12-10 04:25:23,0.0
2022-12-10 04:48:11,-0.001568735051225345
2022-12-10 05:50:11,0.0
2022-12-10 05:50:11,0.0
2022-12-10 06:25:59,0.006070181199512081
2022-12-10 06:36:59,0.0033082985040255863
2022-12-10 06:36:59,0.010414550753827134
2022-12-10 06:36:59,-0.0006195387344818393
2022-12-10 06:40:23,0.0
2022-12-10 07:20:35,0.0
2022-12-10 07:20:35,0.0
2022-12-10 07:20:35,0.0
2022-12-10 07:27:59,0.004285292520021189
2022-12-10 08:12:47,0.0008444916623113752
2022-12-10 09:29:59,8.682699744766431e-05
2022-12-10 10:53:35,2.4910220797869087e-05
2022-12-10 11:32:35,0.0
2022-12-10 11:32:35,0.0
2022-12-10 11:37:59,0.0
2022-12-10 12:37:11,-0.006258267319063648
2022-12-10 12:59:59,0.0
2022-12-10 13:01:35,0.0
2022-12-10 15:19:59,-0.0004237878146047258
2022-12-10 15:24:11,-0.0002608130466602576
2022-12-10 15:29:59,0.005987618488738633
2022-12-10 15:51:47,-0.006043781376533164
2022-12-10 16:19:11,0.005906626276690696
2022-12-10 16:23:47,-0.006958084131078457
2022-12-10 16:37:23,0.005036512329543497
2022-12-10 17:23:47,0.0
2022-12-10 18:46:23,5.538270170890591e-05
2022-12-11 01:00:59,-0.0059714538504515025
2022-12-11 03:47:23,-5.3213470650681494e-05
2022-12-11 06:16:11,-0.0010520565423670636
2022-12-11 07:14:35,-0.0017867194372975792
2022-12-11 08:24:59,0.0
2022-12-11 08:24:59,0.0
2022-12-11 08:24:59,0.0
2022-12-11 08:43:59,0.0
2022-12-11 09:25:23,0.006505753562409788
2022-12-11 09:30:35,0.0
2022-12-11 10:32:47,-0.005571620122274745
2022-12-11 12:21:35,-0.0012609662266377386
2022-12-11 13:15:47,0.0
2022-12-11 13:15:47,0.0
2022-12-11 13:15:47,0.0
2022-12-11 13:18:23,0.0
2022-12-11 13:18:23,0.0
2022-12-11 13:18:23,0.0
2022-12-11 15:40:59,-0.00045418831504828727
2022-12-11 16:07:47,0.0
2022-12-11 16:07:47,0.0
2022-12-11 16:07:47,0.0
2022-12-11 16:09:47,-0.00010690622251330328
2022-12-11 16:19:11,0.006025653583063839
2022-12-11 16:31:11,0.0
2022-12-11 16:31:11,0.0
2022-12-12 00:28:47,0.0
2022-12-12 00:28:47,0.0
2022-12-12 00:28:47,0.0
2022-12-12 00:31:11,-0.01601630752898675
2022-12-12 00:36:11,0.0
2022-12-12 00:36:11,0.0
2022-12-12 00:36:11,0.0
2022-12-12 00:38:11,-0.011536050322389357
2022-12-12 01:56:47,0.004661391128858661
2022-12-12 02:00:11,1.7548922100596442e-05
2022-12-12 02:59:11,6.362044065233441e-05
2022-12-12 03:39:59,0.0009735177685821217
2022-12-12 03:41:23,0.0
2022-12-12 07:04:23,0.0
2022-12-12 07:04:23,0.0
2022-12-12 07:04:23,0.0
2022-12-12 07:09:23,-0.005167726085296698
2022-12-12 07:40:11,0.0
2022-12-12 07:40:11,0.0
2022-12-12 07:40:11,0.0
2022-12-12 07:41:47,-9.358646387491731e-05
2022-12-12 08:13:47,-9.043462295288407e-05
2022-12-12 13:35:47,0.005952950576141092
2022-12-12 14:38:35,0.0
2022-12-12 14:38:35,0.0
2022-12-12 14:38:35,0.0
2022-12-12 15:28:23,0.0
2022-12-12 15:28:23,0.0
2022-12-12 15:28:23,0.0
2022-12-12 15:31:35,0.0
2022-12-12 15:31:35,0.0
2022-12-12 15:31:35,0.0
2022-12-12 20:27:47,0.0019723470912207386
2022-12-12 20:28:47,0.0
2022-12-12 21:14:35,0.0
2022-12-12 21:14:35,0.0
2022-12-12 21:14:35,0.0
2022-12-12 21:20:11,-0.004324877648777092
2022-12-12 21:24:47,0.00593348393735349
2022-12-12 22:22:47,0.0
2022-12-12 22:22:47,0.0
2022-12-12 22:22:47,0.0
2022-12-13 01:34:11,-0.005810223087946431
2022-12-13 06:40:35,0.006043268996643647
2022-12-13 09:21:11,-0.008846841769972635
2022-12-13 09:21:11,0.0045556707114942085
2022-12-13 09:39:47,-0.005986701084967794
2022-12-13 09:39:47,-0.004326908899673243
2022-12-13 11:02:35,0.00312759822707509
2022-12-13 12:06:59,0.0
2022-12-13 13:42:35,0.0
2022-12-13 13:42:35,0.0
2022-12-13 13:42:35,0.0
2022-12-13 13:45:59,0.0
2022-12-13 13:45:59,0.0
2022-12-13 14:15:23,-0.006002523210409949
2022-12-13 14:42:59,-0.0006580600132033432
2022-12-13 15:13:47,0.0
2022-12-13 15:13:47,0.0
2022-12-13 15:13:47,0.0
2022-12-13 15:24:11,0.0
2022-12-13 15:24:11,0.0
2022-12-13 15:36:47,0.0
2022-12-13 15:36:47,0.0
2022-12-13 18:39:11,0.0
2022-12-13 18:39:11,0.0
2022-12-13 18:40:35,-0.0017152321542652782
2022-12-13 19:41:59,0.0
2022-12-13 19:41:59,0.0
2022-12-13 19:41:59,0.0
2022-12-13 20:38:59,0.0
2022-12-13 20:38:59,0.0
2022-12-13 20:38:59,0.0
2022-12-13 20:41:35,-0.0011292479650357734
2022-12-14 00:48:47,0.0063799905839898585
2022-12-14 00:52:35,0.0
2022-12-14 00:52:35,0.0
2022-12-14 03:40:59,0.0
2022-12-14 03:40:59,0.0
2022-12-14 03:40:59,0.0
2022-12-14 05:49:59,0.0
2022-12-14 05:49:59,0.0
2022-12-14 05:49:59,0.0
2022-12-14 06:00:35,-0.010335988016937026
2022-12-14 06:00:35,0.0036213583055670906
2022-12-14 06:11:23,0.0
2022-12-14 06:11:23,0.0
2022-12-14 06:11:23,0.0
2022-12-14 07:11:59,0.0024387457171308746
2022-12-14 08:01:59,0.0
2022-12-14 08:01:59,0.0
2022-12-14 08:01:59,0.0
2022-12-14 08:11:47,0.0
2022-12-14 08:11:47,0.0
2022-12-14 08:12:11,0.0
2022-12-14 08:12:59,-0.006038567263927042
2022-12-14 08:24:47,0.0
2022-12-14 09:06:47,0.005954286234915562
2022-12-14 10:21:59,-0.006643604190382679
2022-12-14 10:27:59,0.0
2022-12-14 10:27:59,0.0
2022-12-14 10:27:59,0.0
2022-12-14 10:31:59,-0.0008848008909103644
2022-12-14 12:01:59,0.0
2022-12-14 12:01:59,0.0
2022-12-14 12:01:59,0.0
2022-12-14 16:14:35,0.0
2022-12-14 16:14:35,0.0
2022-12-14 16:14:35,0.0
2022-12-14 16:37:59,-0.000802288261133266
2022-12-14 19:59:47,0.005524811595146728
2022-12-14 20:19:35,0.0
2022-12-14 20:19:35,0.0
2022-12-14 20:19:35,0.0
2022-12-14 20:29:47,-0.005959841739688998
2022-12-14 22:01:11,0.0
2022-12-14 22:01:11,0.0
2022-12-14 22:01:11,0.0
2022-12-14 22:05:59,0.0
2022-12-14 22:05:59,0.0
2022-12-14 22:05:59,0.0
2022-12-14 22:14:11,0.0
2022-12-14 22:15:59,0.0
2022-12-14 22:15:59,0.0
2022-12-14 22:15:59,0.0
2022-12-15 00:38:47,0.0
2022-12-15 00:38:47,0.0
2022-12-15 00:38:47,0.0
2022-12-15 02:16:59,0.0
2022-12-15 02:16:59,0.0
2022-12-15 02:16:59,0.0
2022-12-15 02:54:59,0.0
2022-12-15 02:54:59,0.0
2022-12-15 02:54:59,0.0
2022-12-15 03:00:47,-7.806592118786426e-05
2022-12-15 03:01:59,-0.0007059944670179119
2022-12-15 03:07:23,-0.0013074407630776497
2022-12-15 03:08:23,0.0
2022-12-15 03:08:23,0.0
2022-12-15 03:08:23,0.0
2022-12-15 03:12:47,-0.0007364113754674273
2022-12-15 03:16:11,0.006324868553021057
2022-12-15 04:04:11,0.0
2022-12-15 04:04:11,0.0
2022-12-15 04:04:11,0.0
2022-12-15 05:44:11,0.0
2022-12-15 05:44:11,0.0
2022-12-15 05:44:11,0.0
2022-12-15 05:55:11,0.0
2022-12-15 05:55:11,0.0
2022-12-15 05:56:47,-0.005612950598876787
2022-12-15 06:18:59,0.0
2022-12-15 06:18:59,0.0
2022-12-15 06:58:11,0.0
2022-12-15 07:04:35,0.0
2022-12-15 09:09:11,0.0
2022-12-15 09:09:11,0.0
2022-12-15 09:09:11,0.0
2022-12-15 09:10:47,0.0061181108825898445
2022-12-15 11:24:47,0.0
2022-12-15 11:24:47,0.0
2022-12-15 11:24:47,0.0
2022-12-15 11:36:35,-0.005918228545213067
2022-12-16 05:10:47,0.0
2022-12-16 05:10:47,0.0
2022-12-16 05:10:47,0.0
2022-12-16 05:30:35,-0.0001148490177026451
2022-12-16 05:30:47,0.0
2022-12-16 05:39:47,0.0
2022-12-16 05:39:47,0.0
2022-12-16 05:39:47,0.0
2022-12-16 09:20:23,-0.0005863199705280486
2022-12-16 12:40:59,0.0
2022-12-16 12:40:59,0.0
2022-12-16 13:00:23,0.0
2022-12-16 14:17:59,0.0
2022-12-16 14:17:59,0.0
2022-12-16 14:17:59,0.0
2022-12-16 15:10:35,-0.0011400892886115344
2022-12-16 19:53:59,0.0
2022-12-16 19:53:59,0.0
2022-12-16 19:53:59,0.0
2022-12-16 19:55:35,-0.0030176900491203362
2022-12-16 20:04:35,-0.00560700533766556
2022-12-16 20:04:35,0.0044016596339933045
2022-12-16 20:05:23,-0.005986250556246797
2022-12-16 20:07:11,0.004670365409791266
2022-12-16 20:08:23,0.0002486012940838833
2022-12-16 20:12:23,0.0
2022-12-16 20:33:59,0.0
2022-12-16 20:33:59,0.0
2022-12-16 20:33:59,0.0
2022-12-16 20:35:47,0.0
2022-12-16 20:35:47,0.0
2022-12-16 21:57:59,-0.0062033178361966534
2022-12-17 00:38:47,0.0
2022-12-17 00:41:35,0.0
2022-12-17 00:49:35,0.006847709881389941
2022-12-17 01:58:59,0.0
2022-12-17 01:58:59,0.0
2022-12-17 01:58:59,0.0
2022-12-17 01:59:47,-0.005259918226640958
2022-12-17 12:08:11,0.006420292057757182
2022-12-17 12:29:59,-0.005543608043555248
2022-12-17 12:32:23,0.0
2022-12-17 12:52:35,-0.00037038443390424725
2022-12-17 13:04:11,0.00662985717996456
2022-12-17 13:06:11,0.0
2022-12-17 14:45:35,0.0
2022-12-17 14:45:35,0.0
2022-12-17 14:45:35,0.0
2022-12-17 15:18:11,0.0
2022-12-17 15:18:11,0.0
2022-12-17 15:18:11,0.0
2022-12-17 15:21:35,-0.005330608189553887
2022-12-17 17:09:47,0.0
2022-12-17 17:09:47,0.0
2022-12-17 17:09:47,0.0
2022-12-18 06:03:11,0.0
2022-12-18 06:03:11,0.0
2022-12-18 06:03:11,0.0
2022-12-18 06:07:47,-0.00014141890823937686
2022-12-18 22:40:47,-0.00021069145438035175
2022-12-19 17:19:35,0.006396261915975865
2022-12-19 17:28:11,0.0
2022-12-19 19:39:47,-0.005512070848187278
2022-12-19 20:20:11,-0.00025409113123342486
2022-12-20 20:51:59,0.005791968455265417
2022-12-21 01:06:23,0.0
2022-12-21 01:06:23,0.0
2022-12-21 01:06:23,0.0
2022-12-21 01:10:11,-0.00634272068157582
2022-12-21 02:42:35,0.0
2022-12-21 02:42:35,0.0
2022-12-21 02:42:35,0.0
2022-12-21 02:43:35,-0.0007128319208005163
2022-12-21 15:36:59,0.0
2022-12-21 15:36:59,0.0
2022-12-21 15:36:59,0.0
2022-12-21 21:25:35,-0.001359704510846882
2022-12-21 21:53:23,-0.0010170940596421207
2022-12-21 22:06:47,0.0
2022-12-21 22:06:47,0.0
2022-12-21 22:06:47,0.0
2022-12-21 22:41:47,0.0
2022-12-21 22:41:47,0.0
2022-12-21 22:41:47,0.0
2022-12-22 02:30:23,-1.394433008916618e-05
2022-12-22 08:11:35,0.0
2022-12-22 08:11:35,0.0
2022-12-22 08:11:35,0.0
2022-12-22 10:58:11,0.0
2022-12-22 10:58:11,0.0
2022-12-22 11:19:47,0.0
2022-12-23 00:22:23,0.006081793520718248
2022-12-23 00:23:11,0.0
2022-12-23 02:17:59,0.0
2022-12-23 02:17:59,0.0
2022-12-23 02:17:59,0.0
2022-12-23 02:20:23,-0.006361370737016148
2022-12-23 04:45:59,0.0056678181932960925
2022-12-23 23:30:23,-0.0060563906312532945
2022-12-24 14:21:47,0.006010557913499692
2022-12-24 16:09:47,0.0
2022-12-24 16:09:47,0.0
2022-12-24 16:09:47,0.0
2022-12-24 19:03:23,0.00012272308283201028
2022-12-24 21:59:59,1.7407246053480208e-05
2022-12-25 07:45:23,-0.00599097445684138
2022-12-25 08:58:59,0.006079002516735876
2022-12-25 14:50:11,0.00010565691949926403
2022-12-25 15:10:59,0.0
2022-12-25 15:10:59,0.0
2022-12-25 15:10:59,0.0
2022-12-25 17:39:59,4.3399349310302426e-05
2022-12-25 19:16:59,0.0
2022-12-25 19:16:59,0.0
2022-12-26 01:23:59,4.2430291544715004e-05
2022-12-26 03:06:23,4.72504007971164e-05
2022-12-26 04:12:35,0.002139038214600042
2022-12-26 04:15:11,0.0
2022-12-26 06:09:35,0.0
2022-12-26 06:09:35,0.0
2022-12-26 06:17:59,0.002273141578260418
2022-12-26 08:03:59,0.0
2022-12-26 08:03:59,0.0
2022-12-26 08:03:59,0.0
2022-12-26 08:05:23,0.0
2022-12-26 08:05:23,0.0
2022-12-26 08:46:11,0.00016519926077140923
2022-12-26 09:41:23,0.001887971394301191
2022-12-26 09:41:23,0.0035262240793423327
2022-12-26 09:42:23,0.0
2022-12-26 09:49:35,0.0017642161166004922
2022-12-26 10:28:59,0.0010555789651109926
2022-12-26 10:31:47,0.001259181876118065
2022-12-26 10:49:59,-0.005785085023685466
2022-12-26 10:56:23,0.006369114622480243
2022-12-26 11:15:23,0.0005104456980049576
2022-12-26 15:28:11,-0.006364429402448191
2022-12-26 17:18:23,0.0
2022-12-26 17:18:23,0.0
2022-12-26 23:38:59,0.00548891223252812
2022-12-26 23:43:47,0.0
2022-12-26 23:43:47,0.0
2022-12-27 02:07:11,0.0
2022-12-27 02:07:11,0.0
2022-12-27 02:07:11,0.0
2022-12-27 04:29:11,0.0
2022-12-27 04:29:11,0.0
2022-12-27 05:39:47,0.0
2022-12-27 05:39:47,0.0
2022-12-27 05:39:47,0.0
2022-12-27 05:45:59,0.0
2022-12-27 05:45:59,0.0
2022-12-27 12:52:35,-0.006148809224968299
2022-12-27 12:52:47,0.005897920558453507
2022-12-27 13:44:47,0.0
2022-12-27 13:44:47,0.0
2022-12-27 16:15:11,4.399569800828118e-05
2022-12-27 18:10:23,-0.006003867088137604
2022-12-27 18:13:47,0.0
2022-12-27 21:36:23,-8.768566997463534e-05
2022-12-28 00:45:35,0.007143361711204221
2022-12-28 00:45:59,-0.006508933471513378
2022-12-28 00:58:11,0.005723753754819816
2022-12-28 04:07:59,0.001432830747766678
2022-12-28 19:05:59,3.939064950375659e-05
2022-12-28 22:41:47,0.0
2022-12-28 22:41:47,0.0
2022-12-28 22:41:47,0.0
2022-12-28 22:55:11,0.0
2022-12-28 22:55:11,0.0
2022-12-29 00:13:11,0.0
2022-12-29 02:06:11,0.0
2022-12-29 02:06:11,0.0
2022-12-29 02:06:11,0.0
2022-12-29 02:09:11,0.0
2022-12-29 02:09:11,0.0
2022-12-29 05:43:59,-0.006061075187646314
2022-12-29 12:53:47,0.0
2022-12-29 12:53:47,0.0
2022-12-29 12:53:47,0.0
2022-12-29 13:53:35,-0.0004711711265895646
2022-12-29 17:30:35,0.0
2022-12-29 18:36:59,-0.00046251836096733445
2022-12-29 22:36:11,-0.0001111986515734964
2022-12-30 00:41:47,0.006067633316266141
2022-12-30 01:33:59,-0.005943957182143467
2022-12-30 03:11:23,0.0
2022-12-30 08:33:59,0.006275750071498942
2022-12-30 09:25:23,-0.00589693993886109
2022-12-30 14:04:47,0.0
2022-12-30 14:04:47,0.0
2022-12-30 16:41:11,-0.0015812744947648616
2022-12-30 16:41:35,-0.0021767535422267947
2022-12-30 17:00:11,0.006804441414151041
2022-12-31 21:32:35,0.0
2022-12-31 21:32:35,0.0
2022-12-31 21:32:35,0.0
2022-12-31 21:34:23,-0.004477912935779815
2022-12-31 22:14:59,0.006004728257099634
2022-12-31 22:48:23,0.0
2022-12-31 22:48:23,0.0
2023-01-01 03:53:59,-0.007519234438591371
2023-01-01 03:54:23,-0.0025889073765685833
2023-01-01 04:46:59,-0.0010484883161997471
2023-01-01 12:37:59,0.0
2023-01-01 12:37:59,0.0
2023-01-01 12:37:59,0.0
2023-01-01 12:44:47,0.0
2023-01-01 12:44:47,0.0
2023-01-01 16:02:35,0.0
2023-01-01 16:02:35,0.0
2023-01-01 16:02:35,0.0
2023-01-01 18:23:47,0.0
2023-01-01 18:23:47,0.0
2023-01-01 18:23:47,0.0
2023-01-01 18:23:47,0.0
2023-01-01 18:23:47,0.0
2023-01-01 18:23:47,0.0
2023-01-01 18:23:47,0.0
2023-01-01 19:04:23,0.006103354580090814
2023-01-01 19:05:59,0.0
2023-01-01 22:21:59,0.0
2023-01-01 23:25:59,8.768528917868501e-05
2023-01-01 23:58:35,0.0
2023-01-01 23:58:35,0.0
2023-01-01 23:58:35,0.0
2023-01-02 00:18:59,-0.0060052545231542576
2023-01-02 02:29:35,-2.2609633271941654e-05
2023-01-02 10:27:59,0.0
2023-01-02 10:27:59,0.0
2023-01-02 10:27:59,0.0
2023-01-02 12:34:11,0.0060644687623474525
2023-01-02 13:59:23,-0.005982171521915158
2023-01-02 14:39:23,0.0
2023-01-02 14:39:23,0.0
2023-01-02 14:39:23,0.0
2023-01-02 16:43:23,0.0
2023-01-02 16:43:23,0.0
2023-01-02 16:43:23,0.0
2023-01-02 17:08:47,-6.875794860350393e-05
2023-01-02 19:39:47,0.0
2023-01-02 19:39:47,0.0
2023-01-02 19:39:47,0.0
2023-01-02 20:35:47,0.00599254534808269
2023-01-02 20:55:23,0.0
2023-01-02 20:55:23,0.0
2023-01-02 20:58:47,-0.008378065269097568
2023-01-02 21:07:59,0.0
2023-01-02 21:07:59,0.0
2023-01-02 21:07:59,0.0
2023-01-02 21:09:23,-0.0024157670481800286
2023-01-02 21:10:11,-0.0007025607838351267
2023-01-03 00:21:35,0.0054789463874898026
2023-01-03 00:43:59,0.0
2023-01-03 00:43:59,0.0
2023-01-03 00:43:59,0.0
2023-01-03 06:24:35,0.00015263051484359913
2023-01-03 06:25:59,0.0
2023-01-03 06:25:59,0.0
2023-01-03 07:49:23,0.0
2023-01-03 07:49:23,0.0
2023-01-03 07:49:23,0.0
2023-01-03 07:51:23,0.0
2023-01-03 07:51:23,0.0
2023-01-03 11:50:59,0.0
2023-01-03 11:50:59,0.0
2023-01-03 11:50:59,0.0
2023-01-03 11:54:23,-0.0065131471110898564
2023-01-03 12:12:23,0.0
2023-01-03 12:12:23,0.0
2023-01-03 12:12:23,0.0
2023-01-03 12:28:35,-0.0009033418061501486
2023-01-04 08:58:11,0.010441710138931137
2023-01-04 09:02:23,0.008956279722982963
2023-01-04 09:14:47,0.0
2023-01-04 09:14:47,0.0
2023-01-04 10:54:11,0.0
2023-01-04 10:58:59,0.0
2023-01-04 10:58:59,0.0
2023-01-04 11:08:11,0.0
2023-01-04 15:02:11,0.004176941949841195
2023-01-04 16:51:35,0.0
2023-01-04 16:51:35,0.0
2023-01-04 16:54:11,0.0
2023-01-04 16:54:11,0.0
2023-01-04 17:10:23,-0.006093841504330233
2023-01-04 18:04:47,-0.00017717908604364396
2023-01-04 21:19:35,0.0
2023-01-04 21:19:35,0.0
2023-01-05 01:28:11,0.0
2023-01-05 01:28:11,0.0
2023-01-05 01:28:11,0.0
2023-01-05 01:46:23,0.0
2023-01-05 01:46:23,0.0
2023-01-05 01:57:59,0.0
2023-01-05 01:57:59,0.0
2023-01-05 01:57:59,0.0
2023-01-05 02:06:47,-0.00017468971873579875
2023-01-05 04:32:23,0.0
2023-01-05 04:32:23,0.0
2023-01-05 04:32:23,0.0
2023-01-05 04:35:47,-0.0004298152233345176
2023-01-05 04:49:11,0.0
2023-01-05 04:49:11,0.0
2023-01-05 04:49:11,0.0
2023-01-05 04:50:47,-0.0003894091315767012
2023-01-05 05:51:11,0.0
2023-01-05 05:51:11,0.0
2023-01-05 05:51:11,0.0
2023-01-05 08:24:47,0.0
2023-01-05 08:24:47,0.0
2023-01-05 08:24:47,0.0
2023-01-05 08:41:11,0.0
2023-01-05 08:41:11,0.0
2023-01-05 08:41:11,0.0
2023-01-05 08:47:23,-8.507198805274285e-05
2023-01-05 08:52:59,0.0
2023-01-05 08:52:59,0.0
2023-01-05 08:52:59,0.0
2023-01-05 10:43:11,0.0
2023-01-05 10:43:11,0.0
2023-01-05 10:43:11,0.0
2023-01-05 13:35:23,0.0
2023-01-05 13:35:23,0.0
2023-01-05 13:35:23,0.0
2023-01-05 13:42:47,-0.00010747733396743175
2023-01-05 16:32:47,0.0
2023-01-05 16:32:47,0.0
2023-01-05 16:32:47,0.0
2023-01-05 16:47:11,-0.00020871652684506525
2023-01-05 16:51:35,0.0
2023-01-05 16:53:35,-0.0001417297366852477
2023-01-05 17:14:47,-0.00020516192726627303
2023-01-05 17:43:23,0.0
2023-01-05 17:43:23,0.0
2023-01-05 17:43:23,0.0
2023-01-05 17:51:47,-0.0003155870587235876
2023-01-05 23:37:35,0.0
2023-01-05 23:37:35,0.0
2023-01-05 23:37:35,0.0
2023-01-06 03:55:47,0.006590009305255551
2023-01-06 04:49:47,0.0
2023-01-06 04:53:59,-0.005345916946500995
2023-01-06 05:26:47,-5.383405330272595e-05
2023-01-06 07:15:59,0.006093562830266297
2023-01-06 07:17:11,0.0
2023-01-06 07:17:11,0.0
2023-01-06 08:12:35,0.0
2023-01-06 08:12:35,0.0
2023-01-06 08:23:59,0.0
2023-01-06 08:23:59,0.0
2023-01-06 08:23:59,0.0
2023-01-06 09:37:23,0.0
2023-01-06 09:37:23,0.0
2023-01-06 09:37:23,0.0
2023-01-06 14:56:11,0.0
2023-01-06 14:56:11,0.0
2023-01-06 15:54:35,0.0
2023-01-06 18:27:35,0.0
2023-01-06 21:40:35,0.0004334175594318257
2023-01-06 22:41:59,0.0
2023-01-06 22:41:59,0.0
2023-01-07 00:08:23,0.0
2023-01-07 00:08:23,0.0
2023-01-07 00:08:23,0.0
2023-01-07 01:48:59,0.0005190545559545789
2023-01-07 01:50:47,0.0
2023-01-07 01:50:47,0.0
2023-01-07 02:07:47,-0.006044273624659757
2023-01-07 02:07:47,-0.0017679092808449148
2023-01-07 02:18:59,0.004538571671822922
2023-01-07 02:29:47,0.0
2023-01-07 02:56:11,0.0
2023-01-07 02:56:11,0.0
2023-01-07 02:56:11,0.0
2023-01-07 03:03:23,0.0
2023-01-07 03:28:11,0.0
2023-01-07 03:28:11,0.0
2023-01-07 03:41:35,-0.005986132304264369
2023-01-07 04:39:59,0.006097636859978772
2023-01-07 04:47:11,0.00027152454496315315
2023-01-07 04:48:59,0.0
2023-01-07 04:48:59,0.0
2023-01-07 06:11:47,-0.0058922715687897975
2023-01-07 07:06:11,0.0
2023-01-07 07:06:11,0.0
2023-01-07 07:06:11,0.0
2023-01-07 07:08:59,-0.0003432771188162098
2023-01-07 07:11:23,0.0
2023-01-07 07:11:23,0.0
2023-01-07 07:11:23,0.0
2023-01-07 07:12:47,-0.00034723356665511407
2023-01-07 10:01:11,0.0
2023-01-07 10:01:11,0.0
2023-01-07 10:01:11,0.0
2023-01-07 10:48:59,0.0071368321465690165
2023-01-07 10:51:35,0.0
2023-01-07 10:51:35,0.0
2023-01-07 11:51:35,0.001149136279003704
2023-01-07 11:58:23,-0.006120112044890269
2023-01-07 11:58:35,0.0
2023-01-07 11:58:35,0.0
2023-01-07 11:58:35,0.0
2023-01-07 15:14:59,0.005896045732571187
2023-01-07 15:19:59,0.0
2023-01-07 15:19:59,0.0
2023-01-07 15:42:47,-0.006054986186695643
2023-01-07 15:51:35,0.005973442057250811
2023-01-07 16:53:47,0.0001417225814268619
2023-01-07 17:02:23,0.0
2023-01-07 17:02:23,0.0
2023-01-07 17:03:59,0.0018503727772696266
2023-01-07 17:04:35,0.0
2023-01-07 17:04:35,0.0
2023-01-07 17:57:47,0.003554617822766337
2023-01-07 17:58:35,0.0
2023-01-07 17:58:35,0.0
2023-01-07 19:12:59,0.0021630502410276975
2023-01-07 19:15:35,-0.005723326396302686
2023-01-07 19:15:59,0.0
2023-01-07 19:15:59,0.0
2023-01-07 19:17:35,0.0
2023-01-07 19:17:35,0.0
2023-01-07 19:17:35,0.0
2023-01-07 19:46:35,0.0
2023-01-07 19:49:59,-9.003737578894278e-05
2023-01-07 21:31:23,-3.9106620584927754e-05
2023-01-08 00:28:11,0.0060640889856729
2023-01-08 00:51:59,0.0
2023-01-08 00:51:59,0.0
2023-01-08 00:57:23,0.00016349848120356114
2023-01-08 00:58:23,0.0
2023-01-08 00:58:23,0.0
2023-01-08 02:01:35,0.0002564806801272912
2023-01-08 02:53:23,0.0
2023-01-08 02:53:23,0.0
2023-01-08 02:53:23,0.0
2023-01-08 03:14:23,0.0001446851604312016
2023-01-08 03:15:35,0.0
2023-01-08 03:15:35,0.0
2023-01-08 03:15:35,0.0
2023-01-08 03:18:59,0.0
2023-01-08 03:18:59,0.0
2023-01-08 08:21:59,0.0
2023-01-08 09:24:35,5.480281834335798e-06
2023-01-08 09:38:35,0.00011529827344736177
2023-01-08 09:40:11,0.0
2023-01-08 09:40:11,0.0
2023-01-08 13:05:35,0.000291176051793407
2023-01-08 13:09:47,0.0
2023-01-08 13:09:47,0.0
2023-01-08 13:24:11,0.00039777728918122257
2023-01-08 13:40:47,0.0
2023-01-08 13:40:47,0.0
2023-01-08 17:47:35,0.0
2023-01-08 17:47:35,0.0
2023-01-08 17:47:35,0.0
2023-01-08 17:49:23,-0.005789468311276802
2023-01-08 19:00:47,0.0
2023-01-08 19:00:47,0.0
2023-01-08 19:00:47,0.0
2023-01-08 21:41:23,0.006019202520951339
2023-01-08 23:49:23,-0.005994201315664194
2023-01-09 01:57:47,-0.00015333795990324361
2023-01-09 03:51:11,0.0
2023-01-09 03:51:11,0.0
2023-01-09 03:51:11,0.0
2023-01-09 03:52:23,-0.00024914681932708405
2023-01-09 04:10:59,0.0
2023-01-09 04:10:59,0.0
2023-01-09 04:24:47,-0.00017604033324281065
2023-01-09 05:31:35,0.0
2023-01-09 05:31:35,0.0
2023-01-09 05:31:35,0.0
2023-01-09 05:31:35,0.0
2023-01-09 05:31:35,0.0
2023-01-09 05:31:35,0.0
2023-01-09 05:31:35,0.0
2023-01-09 05:31:35,0.0
2023-01-09 05:31:35,0.0
2023-01-09 05:31:35,0.0
2023-01-09 05:31:35,0.0
2023-01-09 05:31:35,0.0
2023-01-09 05:31:35,0.0
2023-01-09 05:31:35,0.0
2023-01-09 05:52:11,-6.78337909977289e-05
2023-01-09 09:58:35,0.006037560748803017
2023-01-09 10:05:23,0.0
2023-01-09 10:05:23,0.0
2023-01-09 10:05:23,0.0
2023-01-09 10:07:47,-0.005996311883552208
2023-01-09 13:17:11,-0.00035330127992150295
2023-01-09 15:36:59,-0.0003982145210246202
2023-01-09 16:25:11,-8.01424775768167e-05
2023-01-09 18:01:23,-0.00016785714763489779
2023-01-09 18:14:35,0.006031222673856584
2023-01-09 18:23:47,0.0
2023-01-09 18:23:47,0.0
2023-01-10 02:23:47,0.00023609735080998284
2023-01-10 04:16:11,-0.005990754278494603
2023-01-10 13:19:23,-8.596333199639705e-05
2023-01-10 15:47:59,0.0
2023-01-10 15:47:59,0.0
2023-01-10 15:47:59,0.0
2023-01-10 15:54:11,-1.7197582026007296e-05
2023-01-10 16:02:11,0.0
2023-01-10 16:02:11,0.0
2023-01-10 16:02:11,0.0
2023-01-10 18:23:23,-8.121365761093458e-05
2023-01-11 02:00:11,0.0
2023-01-11 02:00:11,0.0
2023-01-11 02:00:11,0.0
2023-01-11 02:11:59,-0.00020109577105320575
2023-01-11 07:31:35,0.0
2023-01-11 07:31:35,0.0
2023-01-11 07:41:47,0.0
2023-01-11 12:14:35,-0.00020103950241134871
2023-01-11 15:06:59,0.005960312252879518
2023-01-11 16:13:23,0.0
2023-01-11 16:13:23,0.0
2023-01-12 00:23:47,0.0
2023-01-12 00:23:47,0.0
2023-01-12 00:23:47,0.0
2023-01-12 00:26:11,0.0
2023-01-12 00:26:11,0.0
2023-01-12 00:26:11,0.0
2023-01-12 00:39:59,0.0
2023-01-12 00:39:59,0.0
2023-01-12 00:39:59,0.0
2023-01-12 00:54:47,0.0003163911335830605
2023-01-12 00:59:11,0.0
2023-01-12 00:59:11,0.0
2023-01-12 04:59:47,0.0
2023-01-12 08:52:11,-0.005688705419675366
2023-01-12 10:33:59,0.0
2023-01-12 10:33:59,0.0
2023-01-12 10:35:11,-0.0005160296524895358
2023-01-12 10:56:35,-0.000518460393596154
2023-01-12 11:35:59,0.0
2023-01-12 11:35:59,0.0
2023-01-12 11:49:23,0.007164066059542673
2023-01-12 13:47:11,0.0
2023-01-12 14:33:11,0.0
2023-01-12 14:33:11,0.0
2023-01-12 14:33:11,0.0
2023-01-12 14:37:35,-0.004869886150672187
2023-01-12 14:59:23,0.0
2023-01-12 14:59:23,0.0
2023-01-13 02:15:23,-8.442212686909922e-05
2023-01-13 14:46:35,-0.00013656049166377304
2023-01-13 16:34:35,-0.001004379916095921
2023-01-13 17:08:23,-0.0011205421313216224
2023-01-13 17:42:47,0.0067036158717068695
2023-01-13 19:33:11,-0.005169716011694914
2023-01-13 19:59:23,0.0
2023-01-13 19:59:23,0.0
2023-01-13 19:59:23,0.0
2023-01-13 20:03:23,-5.80683997765119e-05
2023-01-13 20:13:11,0.0
2023-01-13 20:13:11,0.0
2023-01-13 20:13:11,0.0
2023-01-13 22:37:23,0.0
2023-01-13 22:37:23,0.0
2023-01-13 22:37:23,0.0
2023-01-13 22:39:47,-9.541608143193159e-05
2023-01-14 09:58:23,0.006043301521843292
2023-01-14 11:30:23,-0.005974182847689802
2023-01-14 13:58:59,-0.0001348717965544699
2023-01-14 17:28:35,0.0
2023-01-14 17:28:35,0.0
2023-01-14 17:28:35,0.0
2023-01-14 17:39:47,0.0
2023-01-14 17:39:47,0.0
2023-01-14 17:59:47,0.0
2023-01-14 17:59:47,0.0
2023-01-14 19:20:35,0.006634742747400502
2023-01-14 22:48:47,0.0
2023-01-14 22:48:47,0.0
2023-01-14 22:48:47,0.0
2023-01-14 22:49:23,-0.005517552775755052
2023-01-15 02:57:47,0.0
2023-01-15 02:57:47,0.0
2023-01-15 02:57:47,0.0
2023-01-15 03:00:47,-0.00023219497316084858
2023-01-15 03:26:47,0.0
2023-01-15 03:26:47,0.0
2023-01-15 03:26:47,0.0
2023-01-15 03:36:11,-6.281332991298072e-05
2023-01-15 04:34:35,0.0
2023-01-15 04:34:35,0.0
2023-01-15 04:34:35,0.0
2023-01-15 04:37:47,-0.00021425458172408263
2023-01-15 17:47:35,-0.0010423600665053767
2023-01-15 18:28:23,0.0
2023-01-15 18:28:23,0.0
2023-01-15 18:28:23,0.0
2023-01-15 18:28:23,0.0
2023-01-15 18:28:23,0.0
2023-01-15 18:28:23,0.0
2023-01-15 18:28:23,0.0
2023-01-15 18:28:23,0.0
2023-01-15 18:28:23,0.0
2023-01-15 18:28:23,0.0
2023-01-15 18:28:23,0.0
2023-01-15 18:28:23,0.0
2023-01-15 18:28:23,0.0
2023-01-15 18:28:23,0.0
2023-01-15 18:28:23,0.0
2023-01-16 02:56:59,0.005513061249611262
2023-01-16 03:08:47,0.0
2023-01-16 03:08:47,0.0
2023-01-16 13:50:47,0.0
2023-01-16 13:50:47,0.0
2023-01-16 13:50:47,0.0
2023-01-16 23:52:59,0.00040083004705016023
2023-01-17 12:20:35,-0.006019291868620269
2023-01-17 21:04:47,0.005942430801583631
2023-01-18 06:59:23,0.0
2023-01-18 06:59:23,0.0
2023-01-18 06:59:23,0.0
2023-01-18 07:02:11,-0.011945480644336204
2023-01-18 07:02:11,0.0006554771127496029
2023-01-18 08:57:35,0.0
2023-01-18 08:57:35,0.0
2023-01-18 08:57:35,0.0
2023-01-18 09:06:23,-0.0055434024796873205
2023-01-18 12:33:35,0.0065137939736357175
2023-01-18 12:34:59,0.0
2023-01-18 13:42:35,0.0017548618821547901
2023-01-18 13:42:59,0.0
2023-01-18 13:42:59,0.0
2023-01-18 13:45:59,0.0015960551332194761
2023-01-18 13:46:59,0.0
2023-01-18 13:46:59,0.0
2023-01-18 14:16:47,-0.005524760290266939
2023-01-18 14:20:11,0.0
2023-01-18 14:20:11,0.0
2023-01-18 14:20:11,0.0
2023-01-18 15:23:23,0.0
2023-01-18 15:23:23,0.0
2023-01-18 15:23:23,0.0
2023-01-18 19:48:23,0.0065417535484619815
2023-01-18 19:52:47,0.0
2023-01-18 19:52:47,0.0
2023-01-18 20:06:35,0.0013101445501468856
2023-01-18 20:09:47,0.0
2023-01-18 20:09:47,0.0
2023-01-18 20:34:35,0.001223699985192006
2023-01-18 21:12:59,0.0
2023-01-18 21:12:59,0.0
2023-01-18 21:12:59,0.0
2023-01-18 22:08:59,0.0
2023-01-18 22:08:59,0.0
2023-01-18 22:08:59,0.0
2023-01-18 23:14:47,0.0
2023-01-18 23:14:47,0.0
2023-01-18 23:14:47,0.0
2023-01-18 23:19:11,-0.005521348787081548
2023-01-19 01:31:35,0.0
2023-01-19 01:31:35,0.0
2023-01-19 01:31:35,0.0
2023-01-19 01:54:35,0.0
2023-01-19 01:54:35,0.0
2023-01-19 01:54:35,0.0
2023-01-19 02:36:23,-2.7461078073165446e-05
2023-01-19 03:35:47,0.006072170101962149
2023-01-19 03:49:59,0.0
2023-01-19 03:49:59,0.0
2023-01-19 03:49:59,0.0
2023-01-19 03:54:59,0.0
2023-01-19 03:54:59,0.0
2023-01-19 03:54:59,0.0
2023-01-19 03:55:59,-0.006538594530374642
2023-01-19 03:58:11,-0.0010054405805308697
2023-01-19 04:04:11,0.0
2023-01-19 04:04:11,0.0
2023-01-19 04:04:11,0.0
2023-01-19 04:05:11,-0.0005123489714550233
2023-01-19 04:08:47,0.0
2023-01-19 04:08:47,0.0
2023-01-19 04:08:47,0.0
2023-01-19 04:18:35,-0.001016413354815282
2023-01-19 04:18:35,0.0054915447762842184
2023-01-19 04:21:35,-0.005775633024522886
2023-01-19 04:39:59,0.0
2023-01-19 04:39:59,0.0
2023-01-19 04:39:59,0.0
2023-01-19 04:51:23,-0.00023099438665741268
2023-01-19 05:10:35,0.0
2023-01-19 05:10:35,0.0
2023-01-19 05:10:35,0.0
2023-01-19 05:16:59,0.0
2023-01-19 05:16:59,0.0
2023-01-19 05:16:59,0.0
2023-01-19 05:20:47,-0.00015119812285491196
2023-01-19 05:21:35,-0.0004416423163038363
2023-01-19 05:21:35,-0.0010609088869274474
2023-01-19 05:23:23,-0.0011852452486496023
2023-01-19 05:25:35,0.0
2023-01-19 05:25:35,0.0
2023-01-19 05:25:35,0.0
2023-01-19 05:28:35,-0.0008331406643320438
2023-01-19 05:43:23,0.0
2023-01-19 05:43:23,0.0
2023-01-19 05:43:23,0.0
2023-01-19 05:43:35,-0.0004623813311448455
2023-01-19 05:44:59,-0.0025525128327313906
2023-01-19 06:01:23,0.0
2023-01-19 06:01:23,0.0
2023-01-19 06:01:23,0.0
2023-01-19 06:03:59,-0.0025024019589073854
2023-01-19 06:39:35,0.0
2023-01-19 06:39:35,0.0
2023-01-19 06:39:35,0.0
2023-01-19 10:39:35,-0.00022238402588747874
2023-01-19 11:47:47,0.0
2023-01-19 11:47:47,0.0
2023-01-19 11:47:47,0.0
2023-01-19 11:49:35,-0.0004039427130568818
2023-01-19 12:35:47,0.0
2023-01-19 12:35:47,0.0
2023-01-19 12:35:47,0.0
2023-01-19 13:40:35,-0.00044033532046727775
2023-01-19 18:26:35,0.0
2023-01-19 18:26:35,0.0
2023-01-19 18:26:35,0.0
2023-01-19 18:39:23,0.0
2023-01-19 18:39:23,0.0
2023-01-19 18:42:11,0.0
2023-01-19 18:42:11,0.0
2023-01-19 18:46:11,0.0
2023-01-19 19:33:11,0.0
2023-01-19 19:33:11,0.0
2023-01-19 19:33:11,0.0
2023-01-19 19:34:59,-0.0001813447190319728
2023-01-19 19:37:47,0.0
2023-01-19 19:41:11,-0.007949690917989694
2023-01-19 19:41:59,0.0
2023-01-19 19:41:59,0.0
2023-01-19 19:49:23,0.0
2023-01-19 19:49:23,0.0
2023-01-19 19:49:23,0.0
2023-01-20 02:52:35,0.0
2023-01-20 02:52:35,0.0
2023-01-20 02:52:35,0.0
2023-01-20 03:05:47,-0.0016385367278137775
2023-01-20 03:31:23,0.0
2023-01-20 13:39:11,0.0
2023-01-20 13:39:11,0.0
2023-01-20 13:39:11,0.0
2023-01-20 20:33:35,0.0007486493158945784
2023-01-20 20:51:35,0.0
2023-01-20 20:51:35,0.0
2023-01-20 22:34:11,-0.005630475315197447
2023-01-21 00:30:59,0.006020645653590728
2023-01-21 00:41:23,5.2800725409474225e-05
2023-01-21 00:41:47,0.0
2023-01-21 00:41:47,0.0
2023-01-21 00:41:47,0.0
2023-01-21 02:27:47,0.00015739335035558355
2023-01-21 03:57:23,0.0
2023-01-21 03:57:23,0.0
2023-01-21 03:57:23,0.0
2023-01-21 12:29:11,0.0
2023-01-21 12:29:11,0.0
2023-01-21 12:29:11,0.0
2023-01-21 12:51:11,-0.006030692320548647
2023-01-21 22:32:11,0.006553178773027524
2023-01-22 03:35:11,0.0013195838250943392
2023-01-22 09:32:47,0.0
2023-01-22 09:32:47,0.0
2023-01-22 09:32:47,0.0
2023-01-22 10:09:47,0.0006012243822646202
2023-01-22 10:11:47,0.0
2023-01-22 19:11:47,0.0
2023-01-22 19:11:47,0.0
2023-01-22 19:11:47,0.0
2023-01-22 19:11:47,0.0
2023-01-22 19:11:47,0.0
2023-01-22 19:11:47,0.0
2023-01-22 19:11:47,0.0
2023-01-22 19:11:47,0.0
2023-01-22 19:11:47,0.0
2023-01-22 19:11:47,0.0
2023-01-22 19:11:47,0.0
2023-01-22 19:11:47,0.0
2023-01-22 19:11:47,0.0
2023-01-22 19:11:47,0.0
2023-01-22 19:11:47,0.0
2023-01-22 19:11:47,0.0
2023-01-22 19:11:47,0.0
2023-01-22 19:11:47,0.0
2023-01-22 19:11:47,0.0
2023-01-22 19:11:47,0.0
2023-01-22 19:11:47,0.0
2023-01-22 19:11:47,0.0
2023-01-22 19:11:47,0.0
2023-01-22 19:11:47,0.0
2023-01-22 19:11:47,0.0
2023-01-22 19:11:47,0.0
2023-01-22 19:11:47,0.0
2023-01-22 19:11:47,0.0
2023-01-22 19:11:47,0.0
2023-01-22 19:11:47,0.0
2023-01-22 19:11:47,0.0
2023-01-22 19:11:47,0.0
2023-01-22 19:11:47,0.0
2023-01-22 19:11:47,0.0
2023-01-22 19:11:47,0.0
2023-01-22 19:11:47,0.0
2023-01-22 19:11:47,0.0
2023-01-22 19:11:47,0.0
2023-01-22 19:11:47,0.0
2023-01-22 19:11:47,0.0
2023-01-22 19:11:47,0.0
2023-01-22 19:11:47,0.0
2023-01-22 19:11:47,0.0
2023-01-22 19:11:47,0.0
2023-01-22 19:11:47,0.0
2023-01-22 19:11:47,0.0
2023-01-22 19:11:47,0.0
2023-01-22 19:11:47,0.0
2023-01-22 19:11:47,0.0
2023-01-22 19:11:47,0.0
2023-01-22 19:11:47,0.0
2023-01-22 19:11:47,0.0
2023-01-22 19:11:47,0.0
2023-01-22 19:11:47,0.0
2023-01-22 19:11:47,0.0
2023-01-22 21:58:35,0.0
2023-01-22 21:58:35,0.0
2023-01-22 21:58:35,0.0
2023-01-23 00:52:59,-0.005991230913647394
2023-01-23 04:05:59,-5.012250054114986e-06
2023-01-23 12:14:47,-0.000720532215802816
2023-01-23 12:14:47,-0.0010318206666611873
2023-01-23 13:05:11,0.0064269689821210285
2023-01-23 15:23:59,-0.005459671561915069
2023-01-23 18:00:23,0.0
2023-01-23 19:19:23,0.0
2023-01-23 20:35:23,0.0
2023-01-23 20:35:23,0.0
2023-01-23 20:35:23,0.0
2023-01-23 20:45:23,0.0
2023-01-23 21:12:59,0.0
2023-01-23 23:53:11,0.0061943367594006205
2023-01-24 00:25:23,0.0014921298376544545
2023-01-24 00:25:23,-0.005527187545704804
2023-01-24 00:32:47,0.0
2023-01-24 00:52:59,0.0
2023-01-24 01:09:35,0.005347158931683804
2023-01-24 01:12:23,0.0
2023-01-24 01:49:11,0.0
2023-01-24 01:49:11,0.0
2023-01-24 02:27:23,0.000623977162999001
2023-01-24 02:36:23,0.0
2023-01-24 02:51:23,0.0006939604072044858
2023-01-24 02:54:59,0.0
2023-01-24 02:54:59,0.0
2023-01-24 03:01:23,8.533020531364954e-05
2023-01-24 03:03:35,0.0
2023-01-24 03:56:23,-0.006591599970820816
2023-01-24 04:12:47,0.0
2023-01-24 04:27:59,0.00739724144504561
2023-01-24 04:45:23,0.002573937259541692
2023-01-24 14:19:23,0.0
2023-01-24 14:41:23,0.0
2023-01-24 14:41:23,0.0
2023-01-24 14:44:11,0.0
2023-01-24 16:15:47,-0.0054013519900223406
2023-01-24 19:06:35,0.0
2023-01-24 19:06:35,0.0
2023-01-24 19:06:35,0.0
2023-01-24 19:11:35,-2.29305763049803e-05
2023-01-25 00:11:59,0.0
2023-01-25 00:11:59,0.0
2023-01-25 00:11:59,0.0
2023-01-25 00:46:23,0.0
2023-01-25 00:46:23,0.0
2023-01-25 00:49:47,-2.841258921237877e-05
2023-01-25 02:43:59,0.0
2023-01-25 02:43:59,0.0
2023-01-25 02:45:23,0.0
2023-01-25 02:45:23,0.0
2023-01-25 02:50:11,0.0
2023-01-25 02:58:59,0.0
2023-01-25 02:58:59,0.0
2023-01-25 02:58:59,0.0
2023-01-25 03:02:59,-0.00013033344563151417
2023-01-25 03:04:23,0.0
2023-01-25 03:37:11,0.0
2023-01-25 03:47:23,0.005985409931010821
2023-01-25 03:49:47,0.00016450407386048305
2023-01-25 04:18:11,-0.0064728324531850845
2023-01-25 04:18:59,0.0
2023-01-25 04:24:11,0.0
2023-01-25 04:24:11,0.0
2023-01-25 04:42:59,0.0
2023-01-25 05:14:11,0.005496423496316849
2023-01-25 05:16:11,0.0
2023-01-25 06:21:59,0.00048818162793295983
2023-01-25 09:30:35,0.0
2023-01-25 09:30:35,0.0
2023-01-25 09:30:35,0.0
2023-01-25 09:41:59,0.0
2023-01-25 09:56:23,0.0
2023-01-25 09:56:23,0.0
2023-01-25 09:56:23,0.0
2023-01-25 11:08:23,0.00045546123089246215
2023-01-25 11:09:11,0.0
2023-01-25 11:09:11,0.0
2023-01-25 11:30:11,0.0
2023-01-25 11:30:11,0.0
2023-01-25 11:30:11,0.0
2023-01-25 15:11:11,0.0
2023-01-25 15:11:11,0.0
2023-01-25 15:11:11,0.0
2023-01-25 16:48:11,0.0
2023-01-25 16:48:11,0.0
2023-01-25 16:48:11,0.0
2023-01-25 17:39:11,-0.005997806119101834
2023-01-25 20:25:47,0.0
2023-01-25 22:33:59,0.0
2023-01-25 22:33:59,0.0
2023-01-25 22:33:59,0.0
2023-01-25 22:53:23,0.0
2023-01-25 23:24:59,0.0
2023-01-26 00:05:59,0.006056201128485039
2023-01-26 00:50:11,-0.005958013522051719
2023-01-26 01:39:47,0.0
2023-01-26 01:39:47,0.0
2023-01-26 01:39:47,0.0
2023-01-26 01:51:35,0.006090321291895018
2023-01-26 01:53:35,0.0
2023-01-26 05:26:23,0.0
2023-01-26 05:26:23,0.0
2023-01-26 05:26:23,0.0
2023-01-26 05:29:59,-0.005934489444857416
2023-01-26 05:34:11,0.0
2023-01-26 07:49:11,0.006089016003855807
2023-01-26 07:55:35,0.0
2023-01-26 08:04:35,0.0
2023-01-26 08:04:35,0.0
2023-01-26 08:04:35,0.0
2023-01-26 08:25:47,0.0
2023-01-26 08:25:47,0.0
2023-01-26 08:25:47,0.0
2023-01-26 08:52:59,0.0002772217722522008
2023-01-26 08:55:23,0.0
2023-01-26 09:34:59,0.0002641857217193788
2023-01-26 12:33:59,7.0476325592983e-05
2023-01-26 13:04:35,0.0
2023-01-26 13:04:35,0.0
2023-01-26 13:04:35,0.0
2023-01-26 13:10:47,-0.006051949255516109
2023-01-26 14:02:35,-0.00011323375136296221
2023-01-26 14:08:35,0.006002701270017008
2023-01-26 14:10:59,0.0
2023-01-26 14:10:59,0.0
2023-01-26 14:49:23,6.880817609822287e-05
2023-01-26 17:40:23,0.0
2023-01-26 17:40:23,0.0
2023-01-26 17:40:23,0.0
2023-01-26 23:04:11,-0.005990680955031524
2023-01-27 03:25:47,0.0
2023-01-27 03:25:47,0.0
2023-01-27 03:25:47,0.0
2023-01-27 03:27:47,-0.00013453086827719396
2023-01-27 04:54:23,0.0
2023-01-27 04:54:23,0.0
2023-01-27 04:54:23,0.0
2023-01-27 07:48:11,0.0
2023-01-27 07:48:23,0.0
2023-01-27 07:48:59,-0.00013470309476648623
2023-01-27 09:13:47,0.006975593917208256
2023-01-27 09:15:11,-0.005439573335471071
2023-01-27 09:16:11,0.0
2023-01-27 09:16:59,0.005591190838249549
2023-01-27 09:20:11,0.0
2023-01-27 10:09:59,0.00042574615805857086
2023-01-27 10:20:11,0.0
2023-01-27 10:20:11,0.0
2023-01-27 10:20:11,0.0
2023-01-27 10:23:59,-0.00558436771203108
2023-01-27 11:02:11,0.006136332540809031
2023-01-27 11:03:23,0.00012951418509477008
2023-01-27 11:06:35,0.0
2023-01-27 11:06:35,0.0
2023-01-27 11:07:35,0.0
2023-01-27 11:07:35,0.0
2023-01-27 11:11:35,0.0
2023-01-27 11:11:35,0.0
2023-01-27 11:11:35,0.0
2023-01-27 11:19:59,7.0110754414765e-05
2023-01-27 16:44:59,0.0
2023-01-27 16:44:59,0.0
2023-01-27 16:44:59,0.0
2023-01-27 16:46:11,-0.0063474190564839494
2023-01-27 16:46:35,-0.001305302538974984
2023-01-27 17:28:11,0.00530165307696806
2023-01-27 17:28:35,0.00032462472840544265
2023-01-27 17:36:23,0.0005877089500803123
2023-01-27 23:23:11,0.00043460276345741455
2023-01-28 10:09:59,0.0
2023-01-28 10:09:59,0.0
2023-01-28 10:09:59,0.0
2023-01-28 10:37:35,-0.006106175245589984
2023-01-28 10:38:23,-0.0014808458195399998
2023-01-28 10:59:23,-0.0014476066669341092
2023-01-28 11:04:35,0.0
2023-01-28 17:25:23,0.005935737339008984
2023-01-28 17:31:11,0.0
2023-01-28 17:35:47,0.0
2023-01-28 17:36:47,0.0
2023-01-28 17:44:11,0.0
2023-01-28 17:45:35,0.0
2023-01-28 17:46:23,0.0
2023-01-28 17:47:35,0.0
2023-01-28 17:49:35,0.0
2023-01-28 17:50:23,0.0
2023-01-28 17:50:59,0.0
2023-01-29 08:27:11,9.826904055731944e-05
2023-01-29 08:27:47,0.00022684300283315473
2023-01-29 08:27:59,0.00025868705470943887
2023-01-29 08:29:47,0.0003017408384553555
2023-01-29 13:07:59,0.00030276828994590943
2023-01-29 18:36:35,0.0003815813255287903
2023-01-29 18:37:59,0.0
2023-01-29 18:37:59,0.0
2023-01-29 18:37:59,0.0
2023-01-29 18:37:59,0.0
2023-01-29 18:37:59,0.0
2023-01-29 18:37:59,0.0
2023-01-29 18:37:59,0.0
2023-01-29 18:37:59,0.0
2023-01-29 18:37:59,0.0
2023-01-29 18:37:59,0.0
2023-01-29 18:37:59,0.0
2023-01-29 18:37:59,0.0
2023-01-29 18:37:59,0.0
2023-01-29 18:37:59,0.0
2023-01-29 18:37:59,0.0
2023-01-29 18:37:59,0.0
2023-01-29 18:37:59,0.0
2023-01-29 18:37:59,0.0
2023-01-29 18:37:59,0.0
2023-01-29 18:37:59,0.0
2023-01-29 18:37:59,0.0
2023-01-29 18:37:59,0.0
2023-01-29 18:37:59,0.0
2023-01-29 18:37:59,0.0
2023-01-29 18:37:59,0.0
2023-01-29 18:37:59,0.0
2023-01-29 18:37:59,0.0
2023-01-29 18:37:59,0.0
2023-01-29 18:37:59,0.0
2023-01-29 18:37:59,0.0
2023-01-29 18:37:59,0.0
2023-01-29 18:37:59,0.0
2023-01-29 18:37:59,0.0
2023-01-29 18:37:59,0.0
2023-01-29 18:37:59,0.0
2023-01-29 18:37:59,0.0
2023-01-29 18:37:59,0.0
2023-01-29 18:37:59,0.0
2023-01-29 18:37:59,0.0
2023-01-29 18:37:59,0.0
2023-01-29 18:37:59,0.0
2023-01-29 18:37:59,0.0
2023-01-29 18:37:59,0.0
2023-01-29 18:37:59,0.0
2023-01-29 18:37:59,0.0
2023-01-29 18:37:59,0.0
2023-01-29 18:37:59,0.0
2023-01-29 18:37:59,0.0
2023-01-29 18:37:59,0.0
2023-01-29 18:37:59,0.0
2023-01-29 18:37:59,0.0
2023-01-29 18:37:59,0.0
2023-01-29 18:37:59,0.0
2023-01-29 18:37:59,0.0
2023-01-29 18:37:59,0.0
2023-01-29 18:37:59,0.0
2023-01-29 18:37:59,0.0
2023-01-29 18:37:59,0.0
2023-01-29 18:37:59,0.0
2023-01-29 18:37:59,0.0
2023-01-29 18:37:59,0.0
2023-01-29 18:37:59,0.0
2023-01-29 18:37:59,0.0
2023-01-29 18:37:59,0.0
2023-01-29 18:37:59,0.0
2023-01-29 18:37:59,0.0
2023-01-29 18:37:59,0.0
2023-01-29 18:37:59,0.0
2023-01-29 18:37:59,0.0
2023-01-29 18:37:59,0.0
2023-01-29 18:37:59,0.0
2023-01-29 18:37:59,0.0
2023-01-29 18:37:59,0.0
2023-01-29 18:37:59,0.0
2023-01-29 18:37:59,0.0
2023-01-29 18:37:59,0.0
2023-01-29 18:37:59,0.0
2023-01-29 18:37:59,0.0
2023-01-29 18:37:59,0.0
2023-01-29 18:37:59,0.0
2023-01-29 18:37:59,0.0
2023-01-29 18:37:59,0.0
2023-01-29 18:37:59,0.0
2023-01-29 18:37:59,0.0
2023-01-29 18:43:11,0.0005019971418371849
2023-01-29 19:08:11,0.0003722858886054947
2023-01-29 19:11:23,0.0
2023-01-29 20:17:59,-0.006288193444242252
2023-01-29 20:17:59,-0.0005961486885821543
2023-01-29 20:21:47,0.0
2023-01-29 20:25:47,0.0
2023-01-29 20:25:47,0.0
2023-01-29 20:26:59,-0.0005000873726034305
2023-01-29 20:54:23,-0.00039404275020338275
2023-01-29 20:55:23,0.006394282537333318
2023-01-30 00:38:47,-0.005559564378718074
2023-01-30 16:54:35,0.0
2023-01-30 16:55:11,0.0
2023-01-30 17:00:59,-6.772154654832718e-07
2023-01-30 17:05:23,0.0
2023-01-30 17:05:47,0.0
2023-01-30 17:09:59,-3.0204304468650633e-07
2023-01-30 18:15:35,0.006183085800669286
2023-01-31 01:32:59,0.00032577343548134685
2023-01-31 01:36:47,0.0
2023-01-31 05:12:59,-0.0058237040549197205
2023-01-31 05:32:59,-2.8724388777545684e-06
2023-01-31 08:23:11,0.006194948953039292
2023-01-31 08:25:23,0.0
2023-01-31 13:51:59,0.0002852593947644255
2023-01-31 13:53:35,0.0
2023-01-31 23:20:11,0.00027197077356322374
2023-02-01 11:52:59,0.00024235985062559529
2023-02-01 11:54:59,0.0
2023-02-01 16:54:23,-0.005941319156111846
2023-02-01 22:12:23,0.006152237368397984
2023-02-01 23:33:59,-0.005841624773758269
2023-02-02 02:26:11,-0.000612555458040065
2023-02-02 04:46:11,0.0
2023-02-02 04:46:11,0.0
2023-02-02 04:46:11,0.0
2023-02-02 05:47:23,0.0
2023-02-02 05:47:23,0.0
2023-02-02 05:47:23,0.0
2023-02-02 05:56:59,-0.0006069331636163744
2023-02-02 06:01:35,-0.0004398811189554319
2023-02-02 06:01:35,-0.000504042814742367
2023-02-02 06:06:23,-0.00024797329397763246
2023-02-02 06:10:35,0.0
2023-02-02 06:18:23,0.006490915917571449
2023-02-02 06:20:47,0.0
2023-02-02 06:54:11,-0.005685332693491696
2023-02-02 07:14:23,0.00613067994995431
2023-02-02 09:16:11,0.0
2023-02-02 09:16:11,0.0
2023-02-02 09:16:11,0.0
2023-02-02 09:33:35,0.0
2023-02-02 09:33:35,0.0
2023-02-02 09:33:35,0.0
2023-02-02 09:43:11,-0.005663508439761267
2023-02-02 09:51:59,0.0
2023-02-02 09:51:59,0.0
2023-02-02 09:51:59,0.0
2023-02-02 09:53:23,-0.00013212216305080737
2023-02-02 11:11:11,-0.00046007607813502993
2023-02-02 11:11:11,-0.0006647160334455338
2023-02-02 11:17:35,0.0
2023-02-02 11:17:35,0.0
2023-02-02 11:17:35,0.0
2023-02-02 11:18:35,-0.00042096175336436836
2023-02-02 11:22:35,0.0
2023-02-02 11:22:35,0.0
2023-02-02 11:22:35,0.0
2023-02-02 11:24:23,-0.00022930345194549506
2023-02-02 11:27:59,0.0
2023-02-02 11:27:59,0.0
2023-02-02 11:27:59,0.0
2023-02-02 11:28:47,-4.994323994567118e-05
2023-02-02 16:58:47,0.006019377431544903
2023-02-02 18:58:35,0.0
2023-02-02 18:59:23,0.0
2023-02-02 19:05:59,0.0
2023-02-02 19:05:59,0.0
2023-02-02 19:05:59,0.0
2023-02-02 19:09:23,-0.006128583445607516
2023-02-02 19:10:35,0.0
2023-02-02 19:10:59,0.0
2023-02-02 19:17:47,0.0
2023-02-02 19:17:47,0.0
2023-02-02 19:17:47,0.0
2023-02-02 19:18:59,-0.00024869182321884953
2023-02-02 21:39:35,0.0
2023-02-02 21:39:35,0.0
2023-02-02 21:49:59,0.0
2023-02-02 21:54:11,0.0
2023-02-02 21:54:11,0.0
2023-02-02 23:37:11,0.0
2023-02-02 23:37:11,0.0
2023-02-03 10:21:23,0.0
2023-02-03 10:21:23,0.0
2023-02-03 10:21:23,0.0
2023-02-03 12:21:47,0.0
2023-02-03 12:21:47,0.0
2023-02-03 12:21:47,0.0
2023-02-03 12:28:23,0.006345773498944718
2023-02-03 14:16:11,0.0
2023-02-03 14:16:11,0.0
2023-02-03 14:16:11,0.0
2023-02-03 14:16:59,-0.005840123104078443
2023-02-03 22:30:23,0.0
2023-02-04 00:37:47,0.0
2023-02-04 00:37:47,0.0
2023-02-04 00:37:47,0.0
2023-02-04 03:35:47,0.0
2023-02-04 03:35:47,0.0
2023-02-04 03:35:47,0.0
2023-02-04 03:39:11,-0.00029028265063035796
2023-02-04 05:37:59,-4.1031621821230324e-05
2023-02-04 05:53:11,0.006011114801458106
2023-02-04 09:13:59,0.0
2023-02-04 09:13:59,0.0
2023-02-04 09:13:59,0.0
2023-02-04 09:15:23,-0.006091838405157257
2023-02-04 11:03:11,0.0
2023-02-04 11:03:11,0.0
2023-02-04 11:03:11,0.0
2023-02-04 11:19:35,-0.00018609060060126303
2023-02-04 12:26:47,-0.0005000199483251588
2023-02-04 12:27:11,-0.0004922527383989239
2023-02-04 12:31:59,-0.00034609816232544777
2023-02-04 12:32:23,-0.0005560505974984142
2023-02-04 12:33:23,-0.0005558961200481383
2023-02-04 12:33:59,-0.0005562712864863872
2023-02-04 12:55:59,0.005759942516058381
2023-02-04 12:58:47,0.0
2023-02-04 13:07:47,2.776781954372254e-05
2023-02-04 13:10:23,0.0
2023-02-04 15:17:59,0.0
2023-02-04 15:17:59,0.0
2023-02-04 17:40:11,0.0
2023-02-04 17:40:11,0.0
2023-02-04 17:40:11,0.0
2023-02-05 04:48:35,0.0
2023-02-05 04:48:35,0.0
2023-02-05 04:48:35,0.0
2023-02-05 07:33:35,-0.006018110436265212
2023-02-05 10:42:23,0.0059915109568555724
2023-02-05 10:52:23,-0.005985572665306638
2023-02-05 10:53:11,0.0
2023-02-05 10:57:47,0.0
2023-02-05 14:35:59,0.0
2023-02-05 14:35:59,0.0
2023-02-05 14:37:47,0.006058971568197125
2023-02-05 14:41:23,0.0
2023-02-05 15:11:59,-0.0059699194799978095
2023-02-05 18:21:59,0.0
2023-02-05 18:21:59,0.0
2023-02-05 18:21:59,0.0
2023-02-05 18:25:11,0.0
2023-02-05 18:25:11,0.0
2023-02-05 18:25:11,0.0
2023-02-05 18:25:11,0.0
2023-02-05 18:25:11,0.0
2023-02-05 18:25:11,0.0
2023-02-05 18:25:11,0.0
2023-02-05 18:25:11,0.0
2023-02-05 18:25:11,0.0
2023-02-05 18:25:11,0.0
2023-02-05 18:25:11,0.0
2023-02-05 18:25:11,0.0
2023-02-05 18:25:11,0.0
2023-02-05 18:25:11,0.0
2023-02-05 18:25:11,0.0
2023-02-05 18:25:11,0.0
2023-02-05 18:25:11,0.0
2023-02-05 18:25:11,0.0
2023-02-05 18:25:11,0.0
2023-02-05 18:25:11,0.0
2023-02-05 18:25:11,0.0
2023-02-05 18:25:11,0.0
2023-02-05 18:25:11,0.0
2023-02-05 18:25:11,0.0
2023-02-05 18:25:11,0.0
2023-02-05 18:25:11,0.0
2023-02-05 18:25:11,0.0
2023-02-05 18:25:11,0.0
2023-02-05 18:25:11,0.0
2023-02-05 18:25:11,0.0
2023-02-05 18:25:11,0.0
2023-02-05 18:25:11,0.0
2023-02-05 18:25:11,0.0
2023-02-05 18:25:11,0.0
2023-02-05 18:25:11,0.0
2023-02-05 18:25:11,0.0
2023-02-05 18:25:11,0.0
2023-02-05 18:25:11,0.0
2023-02-05 18:25:11,0.0
2023-02-05 18:25:11,0.0
2023-02-05 18:25:11,0.0
2023-02-05 18:25:11,0.0
2023-02-05 18:25:11,0.0
2023-02-05 18:25:11,0.0
2023-02-05 18:25:11,0.0
2023-02-05 18:25:11,0.0
2023-02-05 18:25:11,0.0
2023-02-05 18:25:11,0.0
2023-02-05 18:25:11,0.0
2023-02-05 18:25:11,0.0
2023-02-05 18:25:11,0.0
2023-02-05 18:25:11,0.0
2023-02-05 18:25:11,0.0
2023-02-05 18:25:11,0.0
2023-02-05 18:25:11,0.0
2023-02-05 18:25:11,0.0
2023-02-05 18:25:11,0.0
2023-02-05 18:25:11,0.0
2023-02-05 18:25:11,0.0
2023-02-05 18:25:11,0.0
2023-02-05 18:25:11,0.0
2023-02-05 18:25:11,0.0
2023-02-05 18:25:11,0.0
2023-02-06 03:01:35,-0.00031675035276390595
2023-02-06 04:15:47,0.00661304191842782
2023-02-06 04:20:23,0.0
2023-02-06 17:38:23,0.0
2023-02-06 21:45:23,-0.00516280641991429
2023-02-07 03:39:11,0.006254702225367392
2023-02-07 03:42:47,0.0
2023-02-07 03:49:11,0.0004606504498223529
2023-02-07 03:50:35,0.0
2023-02-07 19:35:47,0.0
2023-02-07 19:35:47,0.0
2023-02-07 19:36:59,-0.006268576656273894
2023-02-07 23:44:59,0.0
2023-02-07 23:44:59,0.0
2023-02-08 03:12:35,0.0056227555689645214
2023-02-08 03:20:47,8.85780152939386e-05
2023-02-08 03:23:11,0.0
2023-02-08 05:48:35,0.0
2023-02-08 05:48:35,0.0
2023-02-08 05:48:35,0.0
2023-02-08 05:52:23,-0.006111636809784993
2023-02-08 06:58:47,0.0
2023-02-08 06:58:47,0.0
2023-02-08 08:50:59,-0.00018807528670738982
2023-02-08 16:21:47,0.006048455345530002
2023-02-08 22:32:23,0.0
2023-02-08 22:32:23,0.0
2023-02-08 22:32:23,0.0
2023-02-08 22:40:47,-0.006004022709724444
2023-02-08 23:28:59,0.0
2023-02-08 23:28:59,0.0
2023-02-08 23:28:59,0.0
2023-02-08 23:33:35,-0.0004934593957263145
2023-02-08 23:36:35,0.005602478236756969
2023-02-08 23:46:11,-0.005991028788322361
2023-02-09 14:17:23,0.0
2023-02-09 14:17:23,0.0
2023-02-09 22:16:59,0.006136164326163263
2023-02-10 02:19:59,-0.005905984164559341
2023-02-10 06:29:35,0.0
2023-02-10 17:44:59,0.0
2023-02-10 17:44:59,0.0
2023-02-10 17:44:59,0.0
2023-02-10 17:48:11,-6.67472642097433e-05
2023-02-10 22:34:11,0.0
2023-02-10 22:34:11,0.0
2023-02-10 22:34:11,0.0
2023-02-10 22:35:35,-0.00011404566414785489
2023-02-11 03:25:23,0.006032401720109659
2023-02-11 03:27:47,0.0
2023-02-11 04:42:59,0.0004939921646234247
2023-02-11 04:45:23,0.0
2023-02-11 14:13:47,0.00042968410817656455
2023-02-11 14:58:47,-0.0059909639374907675
2023-02-11 18:26:35,0.0
2023-02-11 18:26:59,0.0
2023-02-11 23:50:47,0.006017805958973721
2023-02-12 18:38:47,0.0
2023-02-12 18:38:47,0.0
2023-02-12 18:38:47,0.0
2023-02-12 18:38:47,0.0
2023-02-12 18:38:47,0.0
2023-02-12 18:38:47,0.0
2023-02-12 18:38:47,0.0
2023-02-12 18:38:47,0.0
2023-02-12 18:38:47,0.0
2023-02-12 18:38:47,0.0
2023-02-12 18:38:47,0.0
2023-02-12 18:38:47,0.0
2023-02-12 18:38:47,0.0
2023-02-12 18:38:47,0.0
2023-02-12 18:38:47,0.0
2023-02-12 18:38:47,0.0
2023-02-12 18:38:47,0.0
2023-02-12 18:38:47,0.0
2023-02-12 18:38:47,0.0
2023-02-12 18:38:47,0.0
2023-02-12 18:38:47,0.0
2023-02-12 18:38:47,0.0
2023-02-12 18:38:47,0.0
2023-02-12 18:38:47,0.0
2023-02-12 18:38:47,0.0
2023-02-12 18:38:47,0.0
2023-02-12 18:38:47,0.0
2023-02-12 18:38:47,0.0
2023-02-12 18:38:47,0.0
2023-02-12 18:38:47,0.0
2023-02-12 18:38:47,0.0
2023-02-12 18:38:47,0.0
2023-02-12 18:38:47,0.0
2023-02-12 18:38:47,0.0
2023-02-12 18:38:47,0.0
2023-02-12 18:38:47,0.0
2023-02-12 18:38:47,0.0
2023-02-12 18:38:47,0.0
2023-02-12 18:38:47,0.0
2023-02-12 18:38:47,0.0
2023-02-12 18:38:47,0.0
2023-02-12 18:38:47,0.0
2023-02-12 18:38:47,0.0
2023-02-12 18:38:47,0.0
2023-02-12 18:38:47,0.0
2023-02-12 18:38:47,0.0
2023-02-12 18:38:47,0.0
2023-02-12 18:38:47,0.0
2023-02-12 18:38:47,0.0
2023-02-12 18:38:47,0.0
2023-02-12 18:38:47,0.0
2023-02-12 18:38:47,0.0
2023-02-12 21:34:23,0.0
2023-02-12 21:34:59,0.0
2023-02-12 21:51:11,0.0
2023-02-12 21:51:11,0.0
2023-02-12 21:55:35,-0.006073874185360761
2023-02-13 01:47:35,-8.792335668761364e-05
2023-02-13 10:43:47,-2.5075926113116154e-05
2023-02-14 00:30:47,0.0
2023-02-14 00:30:47,0.0
2023-02-14 00:30:47,0.0
2023-02-14 04:48:35,0.006003470978318548
2023-02-14 04:49:35,0.0
2023-02-14 04:49:35,0.0
2023-02-14 13:10:35,-0.0060144616316668564
2023-02-14 23:28:11,0.0
2023-02-14 23:28:11,0.0
2023-02-14 23:28:11,0.0
2023-02-14 23:32:35,-6.72998361269661e-05
2023-02-14 23:40:23,-0.00026325743755195585
2023-02-15 05:53:59,0.0
2023-02-15 06:37:11,0.0
2023-02-15 06:45:59,0.0
2023-02-15 07:08:35,0.0
2023-02-15 07:10:59,0.0
2023-02-15 07:10:59,0.0
2023-02-15 07:12:11,-0.0007245420717233442
2023-02-15 22:11:47,0.0
2023-02-15 22:11:47,0.0
2023-02-15 22:11:47,0.0
2023-02-16 07:40:23,-0.0005114274453351664
2023-02-16 11:18:23,-4.296269437198408e-05
2023-02-16 12:52:35,0.006010777265237799
2023-02-16 12:58:23,3.6000291587789945e-05
2023-02-16 13:18:11,-0.0060106163270498
2023-02-17 03:59:11,0.0
2023-02-17 03:59:11,0.0
2023-02-17 03:59:11,0.0
2023-02-17 04:03:59,-0.0001255559840243059
2023-02-19 18:28:35,0.0
2023-02-19 18:28:35,0.0
2023-02-19 18:28:35,0.0
2023-02-19 18:28:35,0.0
2023-02-19 18:28:35,0.0
2023-02-19 18:28:35,0.0
2023-02-19 18:28:35,0.0
2023-02-19 18:28:35,0.0
2023-02-19 18:28:35,0.0
2023-02-19 18:28:35,0.0
2023-02-19 18:28:35,0.0
2023-02-19 18:28:35,0.0
2023-02-19 18:28:35,0.0
2023-02-19 18:28:35,0.0
2023-02-19 18:28:35,0.0
2023-02-19 18:28:35,0.0
2023-02-19 18:28:35,0.0
2023-02-19 18:28:35,0.0
2023-02-19 18:28:35,0.0
2023-02-19 18:28:35,0.0
2023-02-19 18:28:35,0.0
2023-02-19 18:28:35,0.0
2023-02-19 18:28:35,0.0
2023-02-19 18:28:35,0.0
2023-02-19 18:28:35,0.0
2023-02-19 18:28:35,0.0
2023-02-19 18:28:35,0.0
2023-02-19 18:28:35,0.0
2023-02-19 18:28:35,0.0
2023-02-19 18:28:35,0.0
2023-02-19 18:28:35,0.0
2023-02-19 18:28:35,0.0
2023-02-19 18:28:35,0.0
2023-02-19 18:28:35,0.0
2023-02-19 18:28:35,0.0
2023-02-19 18:28:35,0.0
2023-02-19 18:28:35,0.0
2023-02-19 18:28:35,0.0
2023-02-19 18:28:35,0.0
2023-02-19 18:28:35,0.0
2023-02-19 18:28:35,0.0
2023-02-19 18:28:35,0.0
2023-02-19 18:28:35,0.0
2023-02-19 18:28:35,0.0
2023-02-19 18:28:35,0.0
2023-02-19 18:28:35,0.0
2023-02-19 18:28:35,0.0
2023-02-19 18:28:35,0.0
2023-02-19 18:28:35,0.0
2023-02-19 18:28:35,0.0
2023-02-19 18:28:35,0.0
2023-02-19 18:28:35,0.0
2023-02-19 18:28:35,0.0
2023-02-19 18:28:35,0.0
2023-02-19 18:28:35,0.0
2023-02-19 18:28:35,0.0
2023-02-19 18:28:35,0.0
2023-02-19 18:28:35,0.0
2023-02-19 18:28:35,0.0
2023-02-19 18:28:35,0.0
2023-02-19 18:28:35,0.0
2023-02-20 04:04:59,0.0
2023-02-20 04:04:59,0.0
2023-02-20 04:04:59,0.0
2023-02-22 04:05:59,0.0
2023-02-22 04:05:59,0.0
2023-02-22 04:05:59,0.0
2023-02-22 04:07:47,0.0
2023-02-22 20:48:11,0.0
2023-02-22 20:48:11,0.0
2023-02-22 20:48:11,0.0
2023-02-22 21:32:11,-9.478772286641846e-05
2023-02-22 21:36:35,0.0
2023-02-23 17:52:23,0.0
2023-02-23 17:52:35,0.0
2023-02-23 18:09:11,-6.144945110242439e-05
2023-02-24 22:53:59,0.0
2023-02-24 22:53:59,0.0
2023-02-24 22:53:59,0.0
2023-02-24 22:56:11,-0.00022512479818292963
2023-02-25 00:28:47,0.005878697123106846
2023-02-25 00:33:35,0.0
2023-02-25 07:46:35,0.00019445251115213225
2023-02-25 15:04:59,0.0
2023-02-25 15:05:35,0.0
2023-02-25 23:42:59,0.0
2023-02-25 23:42:59,0.0
2023-02-25 23:42:59,0.0
2023-02-25 23:46:23,0.0
2023-02-25 23:46:23,0.0
2023-02-26 00:25:23,0.0004495082543332085
