"address","balance"
"0x9dda370f43567b9c757a3f946705567bce482c42",0.0
"0x862faefeaa199b2a0ea5725302b938886c1c2b9d",0.0
"0xdd0d31a2e3674f1492fa680b5139c626e3578fe6",1.14479059
"0xb45f926e44e27339578f74096411fd0653b29125",0.0
"0x0249b59051e139c7af9cc3a4c8f1da90fdc8e8a0",0.90008761
"0x93b6e24976a2a3bbed11feb840b47727be914d0d",0.000000001
"0x094c6d123b0688d083602d259132bd6a4a3ae7de",2.055956203
"0x349f7a5d623b798cc6c2e5e7f65812b9b0209c65",1.00637543
"0xc1f33e0cf7e40a67375007104b929e49a581bafe",1203.261663556
"0xd77e09b22d28eab54fe5a4d7294726815048d085",0.8984564
"0x7b3615d262d583c608eaead0a25fb46d7771fea5",0.89210698
"0xff7565889e029b729d59c04a2651c569f9883e54",3521.139300525
"0x8e6703332c167a82a1d5e1adb0754607d4d2de22",10.110289013
"0xccf9627848ad7d8a2582ad1d8d4883f3561eede3",0.0
"0x18914d35c41616f1b608075bbc8d759e6f9f0360",1.26769504
"0x18ac6951ef84d343c5303ce2bba09bbafd696145",0.0
"0xebce230478325df9a520f7c09c22666b45d72718",0.0
"0x6981caaa8329d99da567ada0da54c833c74e6b1f",2.68818404
"0xeb6c3b34efdef50886d4108c112a5a6048033688",1.76120316
"0x61d7ece32854caf46c6304fd536704eacd4da256",0.0
"0x8808dab383a6c74d032a63b149a3a83f75431e82",0.90631554
"0xca66b197d337f15f4b949e3201ee833c73665217",0.000000001
"0x26c8ebc31966b82d55ccccfbc4d799f14c350ee1",1.14769665
"0x2f331417e4d83b6d49626f99066910f41445d586",0.93770695
"0x83a83ae2fd0631bc2c8ef6da568f6c8ed9168849",0.000003411
"0x23d9128897a75728c4ede750d82faec501360746",1.07317586
"0xa425e2fe03af3a9dfc8d191e6cc2d4118cc66744",5.230997824
"0x009dfc4901f1b528b5d2f6fcbe75fd35fe9f3e1d",1.48614279
"0xeca614f89c0fdead56babeff14510d8972940175",20.40136224
"0x4477862ebf7a662e9741ddaebf909ac4bceb24c8",0.90669611
"0xbd7dbb5886786af713ebb1841323c528699bd92d",11.46448625
"0xa29fddec9c36bdd680d3f5867735ff8949a7f15d",3.67772686
"0x9d4658e923776bcd9dfa40042a237a2ee8b09b59",0.0
"0xe81776157f160a817c8213ab43dd1176f35d9a7e",0.0
"0x294c001639d6238685f38ba743c8de411494a4b7",0.88876187
"0x8586e06c484a88a5e5ed846645681da4e8893e16",0.0
"0x551bdda337a6e84592cfc370f4e363e086a2056f",1.76186137
"0xde3ac990cad7e76f704da58fca67b9ba7415cfdb",1.18188706
"0xc281539f1c317fca651c498118d541874617862f",0.87524302
"0x34eae3e2daed607dd7464ad73a282422f64ce294",1.09647439
"0x464b64ee2331ac11ed516047d4bebe7cc79e5ec3",254.451932645
"0x8e2e6c3ef714647eee18ca1f5ec56f151df77790",1.24511415
"0x2ae25fa55c82256448b214e19409be96301af87e",10.36393424
"0x10ae822b527fcd12f2a8da075085755a8011bc1d",0.89487916
"0x8ef9eb468a6fbcafdcfa52e153d6393d7dd75e0e",0.8712744
"0x11f801bca9d2e74bc9726b3dccb58fd719227ec1",0.000000001
"0x375c3f812a5b55ce8a65af8310f33389ada34fda",6.188396242
"0xab65c530a1017dca7c8610bed0493e0a68261640",0.0
"0xc55b2e37bd2bb066a80fca3e046ef3466525ab37",0.0
"0xf9879bb3230f86ffcebca652c5fb6ec4504309be",4647.440718502
"0xe82ab837c235fe6f7665db5f81f3478db94891ba",0.92248659
"0xb58555fcba6479fced7de1485eb054943a09af7b",0.0
"0x58d8997a5d2bc966f65255c0f064a0bd8359f2e9",0.89162943
"0x24d86dc4e75979e9b57861b7a0944cdf38d73de0",0.0
"0xa7d24eb2da8640c6a42779a155f4811a6589686d",8.54962924
"0x2b3f55d0084d132d2c136b60dc99eb7f63af0ff9",72.20308097
"0x28fcfb7c3ad1f2dc2e129f52dffc2a1ac70b5295",0.0
"0xf50f740c76e0ebb0bf5b808a72dff5b6c025ebc6",0.87152247
"0xad7d0918e5acca7c9d302c927ff0fd29e394801a",0.9163972
"0x364caddaa874a52d32402ea6cc847b35bb33e1a5",12.01389346
"0x4c0b801d56d7245ab67f0d7f4773456dd2c689dd",0.0
"0xeb36d9408f8bef82d09b070b44f6e4c6c29aa232",0.98380677
"0xc5231ddcaa5ff9acac92d037dd6e7a589cd06db6",0.87829846
"0x0c290ddb6d6aa3725f5cc1f98034573751854ff2",2.95788002
"0x8c99f0bae7b6d5a2728b58b07c7429d12f1c2175",9.85175614
"0xe8d7a33eb155cc6a46348204e5fe8e6ae77c562d",1.8546622
"0x0406b3ac8da51f454149105ca8f56e56b89099b7",1.7476157
"0xc619f9fbc4132b0e82c6d9b386b56ad68336a90a",17.96991994
"0x5a44b19d5f04e1e27ca7b73cc56afb76808df24b",1.28289841
"0x69180033b3f8547ea38996c0d5be82c312cbaefc",0.88387851
"0xd6c18bcc5a34715598ef1e1778e2ccce0321d9ef",0.0
"0x0e8829f8210cd119dddecd6522f03239b8730430",4.68456936
"0x84e770cf8914dc1336b13898131c804a90d68501",0.0
"0x9e9bf7495369e73e76e0f41c00481b16a270711c",0.0
"0xceb1c986a3c9d47612d25b48faf618d841a200d1",0.0
"0x92891f12c9448fec7750aff2eb697a62b87659f8",150.086792327
"0xc3be1583772305b6cb802189ae0043d1ad5587d9",65.76109787
"0xeddb8b0c46193caea0c2b453fb1e256ab68826df",0.0
"0xdb6ad00e6a7ef717a514e1911f00e7975b4e6200",0.89997499
"0xe43265955a6a8b3fc3001e20524c099b5944f4d0",0.0
"0x4d93c323b2687f499d2c5a3e0ba0b7d4647cb2ca",4.735864414
"0xfa3a1b55f77d0ced6706283c16296f8317c70e52",0.0
"0xc30c24416f55f9201576f2e18b1caab6594baed7",0.87989498
"0xa2efe0f8f495df65eeb81862622879ed6c6fcb0a",0.000000001
"0xcc7b68909b70efa6f2e0c2e131dc2cae1f00b394",1.04551195
"0x80b09d3730f9fd606138f0b4fde7622e31082e66",72.05724472
"0xfc25a1a6e05b7f226bddf0a6c567a19ff2a09356",9.45459772
"0x0000000000753a65f1917d8db21c8897e6af1979",0.000000001
"0x66485d1643dd7a8eae2d6ea204e7f6264a1f4c35",1.856499435
"0xc82c83d96ca6fe58f3cd46f1db7b0efc0e1c100d",0.93132247
"0xc106284ca1997e42723ae17fdaa1bfc28bfe3999",0.88482228
"0x467a54491b885ac859662135fe0e2e7e99060339",0.000000001
"0xc1d7e36cb68b8c40cb27c3b2460019b4a015f318",0.8796241
"0x2951b1f7058bd2c05f01954002c450bac0873847",6.021545316
"0xdc43f021ff8c707b6238b39abe876818da9c6b72",0.0
"0xd00e612ffb02b2276701c0e097c2febf5f45a4ef",0.92689641
"0x06f99c6473f07649aba102162672b85f3ee7baf8",0.0
"0x4b466f0cd723c39a7969b7d95f4474d891645a8a",14.29925459
"0xaa17f42c2f28ba8ef1de171c5e8e4ebd3cd5f2ec",0.0
"0x54877bb9a3bf3fdadd78bc7749abccb7c7f51db2",2.46334286
"0x38fcf6aaf523118bfea55ab0747e490cef5e71f2",0.0
"0x02e0c302380aa679189d9caa349a0da5a6a19108",31.670677231
"0xc7bf1bf8d639db5ae9c52c905747795752dc967a",0.0
"0xd9d197767a971030726a4cfcfebde057dceb0c9d",0.87479955
"0x00000000003b3cc22af3ae1eac0440bcee416b40",0.000479944
"0xfaeae9d6eb7f7cee161c2778cde335c4f12fd521",1.07608932
"0x36d6bdac809826355078bb9b1cd0701faf1f2729",13.105197851
"0x0bafed0fe7fb5effb8e751d6ad93786f4d95024b",1.4559848
"0x3cffe1b6929eb2b5f527ce6400ccf4b4dcdc9d63",0.246940787
"0x89b6e23f0840cbb89546eb534d875b75c1bce0c0",0.99687588
"0xe1605bc6df09bd4f7b5250b437bc1e547e7b6daa",50.0
"0x346e14cfd154d75fe292ff305155c69d8afe3c7f",1.41533583
"0x838e410a8d51182fc17d9e35b6bc03e1d252202b",1.29079772
"0x7e2cfed7048a2f761515221450c5ace6adaab403",1.75861065
"0x59ac8482fc35c141ab53501e1f2db006cda4db87",9.67529033
"0x3309a507e9040ca78fb8d5cf59d98d5e170e612c",9.8079064
"0x3471884f189fd7c63fe8c83601d28ce0cc1b3853",0.0
"0x55b73cd48d6d7237323242f33243933c07750ef9",9.73364938
"0x2644d31439ed22b6c68d8ac5ebb8aeae2b95fbe0",2.27387295
"0xcdbc0f810414fc48aaefc9e959de0af878319cd5",202.837133527
"0x41e105ce79104b32bbfb3630d767ade4778ad766",1.17846614
"0xd6401bfffd0318c0e154271a6e93e2de21db2da0",0.000000001
"0xeed9468bd1af1a782446e74edebbab0be0d237c5",0.89498028
"0x8840145f968743f45a5238ae0edd46f53d5cb60c",0.8776006
"0xd0908c7e642b71b9507af63a6c69307a961dae47",17.09925848
"0x7f9d7bf12c5e408fa0c4b0192937503aa04d7bb7",17.09401709
"0xa88800cd213da5ae406ce248380802bd53b47647",0.0
"0x65236bf93be57dfd4d328d762d6417b0dbc882d8",1.30004673
"0x4b5692110ff9ba770b9ec5ceba20849cf97496ea",4.8881762
"0x9078356bbb3766436aa17d955e773dda17a10950",0.90909076
"0x2e72ebe4cefd9fc19830a6dad1e50a0e3b36328f",0.95993909
"0x73639e68af8bcc03881fb10c0328c02a87a898b2",1.54118211
"0x768e0623aa6c25536a0e6de6bd7f8f7abeef0676",0.0
"0xe1610821c2b88b397f4a392e33eafc6e77ee23c4",1.01620428
"0x9dfcb5f9e46c62835735af9b249e437fcb276e1e",15.01369283
"0x97f16b00d436fcd49d5911e68002f1cd4d5e47c5",15.372412095
"0xfb3ce81f610bfc633db2bdb54d2bfdc0b5047dce",0.000896394
"0x4425756c7c82b83a3a3457c27356241187504b1a",0.95193823
"0xfc3a7ca9b00ce73f91db154ded5e8e84cb712d07",1.5
"0xe789c5566b53546d46a0af48a4bd3f062d1fefd1",0.0
"0x15641b6d7289e9ff20b6da596e0acacc5522e68f",0.89408788
"0x601103f3d539f908036e2491b4e5d4e86d3aa07d",0.0
"0x730d285746685a47ee7683783da50c86f2c255e8",0.98648475
"0x7a8d29062730185ead9a46ea6ffe6b5470eafa7e",1.00338033
"0x2d3a1a7dc649f3fbd2ba5768ab7be61044716742",13.44023323
"0x20d74dfd6f5df400be4df00703097bea450bfe0a",0.0
"0x9155927619c94bf4a1d931e487dee74c92017930",0.0
"0x76e5b1176fbf8cfd8fd03f0de93a8c73f944c67f",0.91049304
"0xa68df4275f54b17aff43d3c3cefcc8dfef1c690c",10.0
"0x591813af0515650ee222cbee19e868980d2d1c3b",0.0
"0xf5a537a4d4173dea7794241098420d322b6f8296",0.0
"0xb20b86c4e6deeb432a22d773a221898bbbd03036",0.0
"0xc36442b4a4522e871399cd717abdd847ab11fe88",0.0
"0xb623352e078e57349fe5a8de96109e2395cb20fe",19.232731189
"0x85a9340ab7a8256a459ae0122821a99fb105ad91",1.29265553
"0x7301fc13d5c9bb40ef260cb386058f1413d6c9d1",1.30290253
"0xa21740833858985e4d801533a808786d3647fb83",0.0
"0x955c75664e3c745cab5ec910c6300161384b7e69",1.04857931
"0x9626ea071bd54894fc1c16caf435f40a4d6f16bf",0.0
"0x4e27eacc66030fa6fa2cd1016c45ae9adcb6097c",0.0
"0xa6b876edf5e9792f407271a84e95e5fc3db78609",1.80588105
"0x1968b10a46301da12883929247f5ca139b993e9c",2783.567107166
"0x89111300604edd1a20a776cf9703e986917120b3",1.27925967
"0xb9923c48f7cfcb87ed3bbab3ffc62987a341923e",0.89714138
"0xf4c8ae0714e97178c3a6fa1fe4503e0e7c4c1107",2.72249401
"0xdc790405f239c31b5636511e9a5053b75343c0b8",0.88345948
"0x816abd08ddcf1dd2b05e3f7763b446e33dd2cc4b",0.96361732
"0xf825967b272c03d5c72b27a2348c91e3ebd32f6a",0.97248754
"0x8a226ad3da295d929995893b006f701adc0fa20a",0.87571081
"0xcefcca169357a18eb8c3f230f92b58562e48cae5",0.0
"0x41f41208bbe05f11f83c8e1691e1996bb119455d",1.2
"0x607bd5bbc7c6a2111273b28d4309e5c04b024f00",0.0
"0x883d8a02ddbeff19ee2eeed40820a110872f1755",0.0
"0xc18ee6bf19aeccbc5985f68a4f10f4cb2d2bcb51",0.0
"0xbd2b92bf7b37e1e3e44b263b0901445485ee1578",30.024821101
"0xd7e55300ff319d83022ef249277b5bb0b589c4d2",1.19082358
"0x375c4937c169a563f10456948f8e8b8af1670f51",0.89029312
"0xf49fd38317e8d9244dd57b5b7891d0caa268ef64",0.0
"0x5a95cc9cb620e7b01743a97a7ff99483a7c8864f",1298.638666853
"0xac51f67f9b6676a65166de63917c0539d6a9a8c2",0.95195966
"0x22f35a1c13b291b72a771bb061078b80dcf3a6e6",0.000000001
"0xee6f5961af0b5c061b18d2a442ae9276a3f68428",0.0
"0xac716e87b0853c0712674e8e3a8435a489f276b4",0.0
"0x6dc66fc78982d0bd989941c4520bc8f4143a5edd",0.0
"0x7e517b9ce5a77171129f3b535a5539619e8b418d",0.91058068
"0x9dce9beb4771db99aa2f1a7c9a44fc4d39b0d550",0.96439751
"0x22f9dcf4647084d6c31b2765f6910cd85c178c18",0.0
"0xd3816d39ca9092fbd157cf24351958753520b7a6",1.10966702
"0xe6a513d0d6493cdb5142fae52b32be492e04300e",30.0
"0x17f5d60a362c4d652a87c7f0f94c35251b982580",5813.505739533
"0x9a2a399c33d07f69724119fa23f9fb84152cac6a",0.000000001
"0x3e4199954b746a7041a53ac747b570aa7d5b84b6",1.7773097
"0x68b3465833fb72a70ecdf485e0e4c7bd8665fc45",0.0
"0x0140c762c812c087e5b63d1f36022cf349628d45",1.04226699
"0xd88a4373d628c8ef028533431fd2dbfd7a821e1c",0.86379028
"0xc4f95f674b393a49410ace864833abe836848526",225.939654277
"0xea9ef41eb1a6c213918c17b85292d4e126c915d2",0.0
"0x0000e0ca771e21bd00057f54a68c30d400000000",0.0
"0x737af5472e062c9de41b3c4838676b7ca63879b6",0.89790811
"0xdb6481532724bccb678b602e7d4f558a165bd959",0.0
"0x0ab24cab9988ff6e8479a7cb9c3c6b2a71d00e11",0.89043404
"0x3ca243cde2c3887ea93c435773acbd64a934ea6c",0.000000001
"0xf42243c977f25037f8ca47221f434947d7ffdcac",0.87352564
"0x1c06325c74286928f2c58fc2ffb3ea32e04417a0",0.8888365
"0x48060e4c9af9955fab4c814aa6979710eba65513",1573.683863052
"0x7edbeb5ac627f2779dce01c87db8c9ea2d91aceb",0.86475736
"0xd59c96c3abb61554af2be3c70d6f40877a7fc2e5",0.0
"0x0b3f6d4a5d6835137ccb2c1248f5a7d882c0dbda",0.0
"0x9008d19f58aabd9ed0d60971565aa8510560ab41",36.967956024
"0xa7b64c7274231e50701f5b688a7e6902b2520088",0.0
"0x98d70011c2a13dd6ebb9829db22be39766ddb141",0.0
"0xc237960530b4d4ee9bfe3721df1b0f51140d00ea",2.258408397
"0x69a592d2129415a4a1d1b1e309c17051b7f28d57",0.0
"0x3f05903e133458175c97aff18d47dc3e956f6ba9",0.99848537
"0x480d70a75b2ba17532d2be094b13a7bd2886289e",0.96965555
"0x020dfcbce906b28b2d5e487bd777b96625b768c8",0.000013204
"0x3b993f9d3f1470cdb08400b03efb7179fbf4957b",15.26515087
"0x74f5fba5c029855d4d3f23249fc43f00bcc1a3a7",0.0
"0xc5cd8b9249f48abd5386bb86f812bbac0b9e95e8",0.017961173
"0xe55f09a59f79c046504fde30b77b45a39ae8bada",0.98886195
"0xf8d5df20ed7b80624b02f21661dd0fd57bf27f0d",5.95350635
"0xfa52387d626109c1b2c103ec85f8f8124a8d31b6",0.0
"0x860e9fbf0799c610a0d4ba06f88c35a94aaf0d19",0.0
"0xe7ffc22a62b998bb9e9f0d375824cd298776d44c",10.297847676
"0x7122db0ebe4eb9b434a9f2ffe6760bc03bfbd0e0",0.0
"0x26148e152e525a4932e4111d27634946bfb350f6",0.93145486
"0xc91bedcabd7fe26c53067101f39f7d800652f37d",800.199999711
"0xb15a3de149366e2400512ff7aaab3c0bb4f8cf04",64.337952
"0x2250f6383c55f6bdde9da798097b234270d34074",0.000000001
"0x38e5b339ba3e65b8ca44feaa1253f5374c95dbf9",1.76126632
"0x29a21fb85d83fa8d0e84fd85e6cf9f0eb2388cf0",0.0
"0xaaaa18c34e14fc68907bbfe7234c9528d3be2591",0.0
"0x11ef8413812ac0a5de85e5f86a8d20b6f2d78cfb",2.34993745
"0xab1acb40b197452867ff8e1ec33a294e9629101f",1.0
"0xd876710fe1882969c3973307d36574c28de11401",0.0
"0x7e9a36415eed486dd44997aafca8ce55111e3c62",6.327034767
"0xeb09586892c4d2127597aeb5c5b38b96586672a2",1.21173852
"0x8aed6a72c227bf812727eddb719730f38fc01519",0.0
"0x1bebf0e2c487bf6db1703145f0bba42f528d48cd",0.1003474
"0x7c8b3d6d877ad14ea57e868081b6e11275fff717",1.32869127
"0x8bb08042c06fa0fc26cd2474c5f0c03a1056ad2f",15644.988127208
"0xb58a61d6aa40efda35627f6ce3489c505fbf41d4",3.457650324
"0xa0f77c56b545818b64646e2de834b044573ce078",1.23725351
"0xb3bd1f983e94df1b700ccac6d0c360797d2aa111",0.86670118
"0xc14004878f96086c31ce0f4bbf09f9f265a834e2",0.89110704
"0x9c8b9b6c47d45c74d016c1cf00f625caade7bd71",1.2
"0xfce2ddbbe54363b321eb10486e7c19ebb173a63a",20.842848147
"0x1afa018d9be65b0eac856340d919c4526c168ff8",0.0
"0x5c9e52488a152980cbb5852be862a96cbec16130",1.77421607
"0x335fa2be39d32b1bef0423baef06c42044ffa7f3",4.37853087
"0xf6f78cb715468d23b0b5f1e925df79e0a709fb08",0.0
"0xe0ae9458499f5f44f561b5da6d0cd3355f9ce2bf",1.58096735
"0x4de6b1fae4657dc79ddfdeebdd30c37b320873e5",0.0
"0x6b9b91dab6a4e15e6c745e499d614bdc621eb6b6",1.5088332
"0x51754b81eb652cabaf57a7ddf6bcbfb0f6a54939",1.28203626
"0x8bb647e93587b27422920166d08c640161b6684d",0.0
"0x85305c20aeeb74e88b48a914b17858cb6cc81159",1.06326951
"0xa5cc06500fb656329b15fde79a7ed339569c8ebd",0.92000382
"0xc538c9b34523f14f8f422046857f6f8e5f28eb0f",0.0
"0x84892077affe5f7a8505ddcfd2cdb242e2a6040a",0.0
"0x8cc4632b4a37e38a957e4b8710f3f4098e5b7561",0.150000001
"0xc8c3ff8cffeb23eb2b2d7bb5d6e09ab8cda80747",0.96313995
"0x8d31ec6e6ada48396cef5c98e1ca3601b82ae9ae",109.330644943
"0xe545a26dd6acbc146b80981bfc969d5d47959c0b",0.0
"0xcf45b0a7fe83db3c04639c71c0417b131a4d5789",0.98815784
"0x3eadde4a48d0aebda37eed7076e736edac9a8b40",0.0
"0xe6b75cda45d8f63bfa427e247ff8d2632f0dd7a7",0.97751195
"0x584a659a859c00c9270c3386288879a5e8bdff82",0.87998176
"0xa804794bc4b48f447d1fd603a849291d9ed8dc61",0.89105564
"0x2ea32f87107e50a168ea0834bc92501226e1279f",0.0
"0xf73387edf00bbcd42db1ecaa0c3465886955b637",0.0
"0x0d0aca99686fced8e6fb39134aaed96f09b5283c",0.000005594
"0x2e1bc84c41dcfb1c8796df320af1e0e716dbe506",0.0
"0x95180b9326c1adfca8a18c1b45d298b600d73525",4.71353651
"0xadaafabfebc185744f15e2d330a4ca2110ea019b",0.98404071
"0x340b08c69d5e1632a095fda51c19fda983582d75",0.0
"0x3f4c1aaad12df27dcda08b54c74512d5145cad69",0.0
"0xa77c88abcaa770c54a6cfbfd0c586a475537bbc1",0.0
"0x1622f9061cac6a04c447e9c0f3edadebf843bfde",0.93980696
"0xbcc89d7295a485e5f76196a8f4b8fcd2aa2ec968",0.93039713
"0x42b871e020a1ccdef1d1a835bd43de05d8c463e1",0.0
"0xe66b31678d6c16e9ebf358268a790b763c133750",0.0
"0x00000000008c4fb1c916e0c88fd4cc402d935e7d",0.000000002
"0x76b5a83c8c8097e7723eda897537b6345789b229",0.000000001
"0x1111111254eeb25477b68fb85ed929f73a960582",0.000000001
"0x6113afbe9853a868ae2957a8837e95576ebcda28",20.428822526
"0x0d88bedecc0a53e2d380fc77569d57c4b7b57d69",1.58093865
"0xc14242a137c06ff0b47b25f583795c70709c6bb5",0.97839126
"0x160498e8024da781d472917f705ee4efe1ef664e",0.0
"0x5857cf24c6c424f7a284883d9267d4a615eacafe",1.37747252
"0x38378c537aac75821f20a953f349c09fde8ca33e",0.0
"0xfbd6565e0e5470f09e86083b12e74f5b9b292d0e",1.83491642
"0x74de5d4fcbf63e00296fd95d33236b9794016631",0.0
"0xb69b6a6fb2e5971f8ae3b883fad33f19c6d37c95",0.000000001
"0x4c5fcb167442a8f9c6e358d9de6cd94f48c4d424",150.0
"0x27bdef2cbaa11b358636aeb18840c37154f9eefc",0.8723418
"0x1f3c0a1b4e4370acc2a4fcc9acf4188e1f1e4314",0.92205848
"0xdb8c3b406816107eda07a087bdeb628b3aa217c6",0.92513601
"0x058724adad45a1874840e07070544043aae4c657",50.41211427
"0xf00a51dad55210c67a2587e3fbb30907623a7e12",1.37459876
"0x76229b534ee6eac53b3a46a6fdbcadf7948921e1",17.127159447
"0xcf71559c848c7bbbc91d1bd39b9d5577416176ab",0.89639495
"0x33359285f30e7b3386de70ca500f4fe27853765b",129.086154219
"0x0fa262f7369aa8b2fb19be04dddc4bdd5def00ba",1.04842173
"0x5f7896f8b4b466be6190b24bb783b23a188b0b01",0.89454287
"0xacf2224424b2614178e92c10e8496194cc898965",0.91062871
"0x1ac217d61c002caa32e1d46dadbbf3dc8f07e792",0.0
"0x714739b277a146ffe48c8d904fae0deba613b87f",0.87935941
"0xa4b1fbf5d7c7ddfbad014cc05a46995f21d8b9d1",0.0
"0xf80a88025b20ccada8b4209aebb21bf44dd3d59e",0.0
"0xbd37f703ddb893a709c73bade299a7aa47837139",0.98536597
"0xba3dde875e9be52ad36b2d5ebef6eec070d0d6d4",0.0
"0x61a9acaa8c824fe8990da36633378c062c40a4a5",1.10421967
"0xc46bb8eeb331c99c18eea4e847a6b7d177bdadcc",1.0
"0xff6db68f54a4299a98c297bc07a7f3fa3cd07eaa",0.87353596
"0xe754ed5c7cfcfa902eb023918696c51f01051488",0.86247321
"0x291c1d836ea8492e001f3834757d639a63461414",0.0
"0x58ad6892f91f96f2cebe0bf2b9559c78e8db6943",0.86984266
"0xe8c060f8052e07423f71d445277c61ac5138a2e5",0.000000001
"0xd4d821343bfc2bef120ac8b74719761501463d31",0.0
"0xaedc687fa5376d2fe9d4b81ebfc8c2ba30ba54ae",14.576854608
"0x417ac092595ccadabbb11086c020d16f14284fb8",0.9971411
"0x526636a674aa01665ddfee1f69615bee4ddf8b17",0.9262071
"0xcfce6ebab7746676fcc84e7b33f740a6666ec2ab",1.923273118
"0x664f743a378a430b4416b51922178fc68e5b699d",72692.511158699
"0xb9e63abc0479d229a9a80a8640129fd0b08c209f",0.0
"0x83f04330d89eddbbe65042bc535c6b46848f3645",0.87771856
"0xda47c7d953dbdc0caf0b33ab7acea8f1b4a462cd",1.76917569
"0xf2d8881d41c6ee93b25cd8e699857971f7260330",10.5
"0x3b8791e85add8b26cd65e2d63833014db8805c1d",11.4370318
"0xe73a07ca4d384ce4b70e8eb877b122f7bf50b6e5",12.564263742
"0x3e78471846e2cc1c46f2ef5d1a74a2281d23441f",1.3576005
"0x16224283be3f7c0245d9d259ea82ead7fcb8343d",0.0
"0x28fa48ce8de73d596f9d4326640ef2d89243bb9a",0.93418569
"0xa52dbd0315a9dfc75686ef1d8e164984e1e8d6fb",0.000000001
"0x2268db6a5680779c63ff42d74192e00db2647233",0.000000001
"0x9ada95ce2a188c51824ef76dd49850330af7545f",0.0
"0x638ae58664acca9774ea1460c4e2a3db57c16a65",0.89268838
"0x898adc9aa0c23dce3fed6456c34dbe2b57784325",0.000000016
"0xdd9f24efc84d93deef3c8745c837ab63e80abd27",0.066994033
"0xde6135b1cdc2e12a6a63da98f62da660bf649c39",0.89276142
"0x41c2cf6baff63219925ee7e6696ff1398a198d3a",1.5539486
"0xed4cf407b4a4913f0507ff6ec2fc5c38161cfab9",0.0
"0x87f11c23f46cca1d8f5522ae71c9b99d10cebd79",1.21738539
"0x91078cd207be13e36451fa773da217cad33bde61",1.76905779
"0x9d299433e4625132011db6b07676261fd6fb30f2",0.0
"0x2f5118b285b734e0c1a58a56b68a3b605fd4f6d5",0.000000001
"0xf3bb4a83d4e32c3cf0c97efeb553483e26e406b4",0.0
"0x707afbb84e1d138ca59e3989cd7b6ebd2454874a",1.09068494
"0xedb4416bd6449a24463855df2c8dd59a27c4dc66",10.0
"0x0599fead47f0ddc926e7958d1bff93fe8f64f891",0.93708377
"0xa2c1601c66133662bb3eed3ffeb24d4926fd453b",0.0
"0xae2eab361a90f59bab5a119dfdd0785f65501ddb",0.0
"0x995b541b832f54743f6a207ec548c7370e538c87",1136.228244621
"0x97ec0a17432d71a3234ef7173c6b48a2c0940896",0.0
"0x2a4735ac106bc3e9af357017cd2768a2005afe92",4.999999997
"0x38daea6f17e4308b0da9647db9ca6d84a3a7e195",6.748377456
"0x21aa197ef3a2a65575c4d83fe9f37d9490b08994",1.0
"0x40a2accbd92bca938b02010e17a5b8929b49130d",0.0
"0x565db65c01dd476ef655cffb97d3d3e5c79562e0",7.292452619
"0x436e366e6df94d439dcfd48ab9145e2b739ff7c1",0.88770299
"0xf708e1540697788fe5b02393398f80afc9b81783",0.0
"0xf89ebfa55385f1aef401d5dc5ee761569e45874e",0.0
"0x0915318a22db5f301c26a181f7e3c68285886993",0.0
"0xdb4d9a61b5931557d8d77def0d20a46a34088ba1",0.0
"0xbd77e929d728577008d6d74ce2fc861286e1b922",0.0
"0x7758949f90ffb571faf197af8caec6f951bf10ab",0.9697123
"0xb362bb6d3c87213868351be040c198652fe9c896",0.89205786
"0x47e081aacd7e2b97a1e72017def772f2cdd1f73c",0.0
"0xbff392cd252a3c337ef29cebd89ee5b3b6f9f594",0.000000001
"0xab4f3158a1809fd7639810338bef0b0077dac701",0.0
"0x9595eeaf82907ce461842e533427336d27484a0a",0.0
"0x24bdc742f7a2d3dd9fdcd5609cc063927673857d",0.0
"0xb1784e0277422c4a04a6bc5470cbc087d2415b6c",5.47520335
"0xa2398842f37465f89540430bdc00219fa9e4d28a",0.0
"0x650e633988f3117ed01085b66b0f6dea29e334e9",0.000000001
"0x9852209b4be2f0e1213e757f85aab091cfaa1b5c",0.0
"0xf7121675e1f41f2cac1bb314ec1c6fe652c1c9e3",0.9720177
"0x87fc1313880d579039ac48db8b25428ed5f33c4a",0.0
"0xade5b3026cb4fd9018d946214c7c1d4d82a5cbee",0.0
"0x986d1bdf77682e303b5fff868afe1c0685e60947",1.03764661
"0x5fd1a5b0b1fcee5a0f20924dd1ea4f1c76c51a10",10.000000001
"0x7c790fde2bbea473915cb4a7c6722e6dbd902cf7",49.999999981
"0x977149ca5614afee85726ad5bbd66b358c240e0c",627.000031902
"0xd16a6973ab901eefc087583cd653b61f8f877e21",1.25907109
"0xa1bc5cd5564da26dc24f1c5b7b53c483f429784f",91.230990336
"0xc84d724a8ecbc4e1f8a500831101c3ef553e3b48",348.27601252
"0x7a4c6e32c31a56bdd78de86970180d8a0d613f57",0.0
"0x5df4ba37b90a463498cdddfb72e3c7c3bb7da347",84.249907163
"0x0b5052e01a28b205ceab7db3e5a8c32697bc01b5",0.0
"0x5631de32f05c9675d367e4df50e59e466b9d1518",0.000289366
"0xe107bfeafe65aeb3b9cd531468e36867fe090bce",0.87826941
"0x5f1397d3fef2deb9b07407cbf4271bf26f681c67",0.93746757
"0xf08f59b44c8bff72ea4cae15be3377791aadc342",0.886208068
"0x87623a3cb948a1e1de1f13fe660eb2c96a52a6bc",0.0
"0x1346c0a9b9fb9f64f43b23ff4385f428224375db",0.8584551
"0x03d3073c57d2862b90fbdbed10eab2459731ff8c",1.1363147
"0x09fc24e7f8ab56fa95b34f2ee80aa28c22460747",0.87109408
"0xb5eaac5a8649142dcdd13f981767913bcdf7ee42",0.0
"0x513a2b6713d45259eaca10f76228350dd6f3ac36",0.914250933
"0x36ba1ef3929a4eeb0b19eca1529decd592e8c44c",19.232731189
"0x0aa379757db57625ac2919a57e37d427a334b7b8",1.923273118
"0x8f08cedb2f159acf03b83b3d27de53d94250beaa",0.019999999
"0xf9f2abcc9df889794b60f0791a784f5a97d32920",5.63198465
"0x67a66de57a6bd2f614a58de04b873bf421d399d3",0.0
"0x6d3946a602d78e4a1473c67b5b742f66b0b1acd3",0.0
"0xc9ec550bea1c64d779124b23a26292cc223327b6",0.0
"0x197dfea49c88554dbdaacbc0dbf7af425e150e79",0.008837613
"0xbbbe14c265934ce2ab2e0d36d88a4e4b13b1dd7a",0.000000001
"0xc429458fec84003ec094ec4d47ed9f6ae91492b8",0.0
"0x23305150e7fb7c629affe7da9c0516567edf79c1",3.19425995
"0x1914f0e38bad4952bb10bcfd9b753579cd63fe51",0.91606911
"0x704e2179d8f8132379da9c4d80982a78d35ecd7d",0.000000001
"0x802c4b05a4afb1aad44f66d5d58ccc344e0a938d",0.85824845
"0xe671e78934783e55cf525eaf52d3d9ce647f1406",1.00438005
"0x536081e93a824074c762dd63bc59c7ddd8e31abe",116.905246145
"0x4a17083b7a59c69e36e18afec2b3fbd60dfd1896",0.0
"0x066dfce37461c5bd485c8c54210df2905459eaa6",0.0
"0xc1ce4e062192f1bb9209b6079f501946634a6171",3.13017277
"0xb01311b10ab57cf07f65e400c1e3735c6e9e6430",4.33922893
"0x58dbad22468994fd5bc170b1b79e3a86025e8814",1.0
"0xa308de214e01c365834e3344c1088b0d2b97559c",20.000000541
"0x57981b1eafe4b18ec97f8b10859b40207b364662",0.0
"0x850e72890184bcc3250879bf6f1f7f4d31875f28",1.0
"0x9f8eaacafa4449d5aa793817c97ab3dc9f87c20b",1.0
"0x19a2e88161d4218b7d138518f44d594bc689068e",0.91261448
"0x1b47434a13d8fcd30261f49c54d031bf9e4c1e91",0.0
"0x29998fa59d5da4e71678236e0cf0f8b6fa7faf62",0.0
"0xcbc335bbd22183c7f1537af67205d6245ae792fe",0.91116548
"0x92f1668f4ba707be11fbf6fea10aa8c873abddbc",0.0
"0x9a302eb0df3b8e53213813b0c2fd81f4d8795928",0.0
"0x1b147060839690e71d3e124684db5cf6a68c2bed",0.0
"0xf3762c7fa90e3df19c4e21af3df59077666fce90",0.0
"0x3b5942cf085b334400f4a94afaa68cbd88f7c5c3",3.760463452
"0x570285574a299b1c8471dbb3efd89b9d4ddbb657",5.94264939
"0x27d876a74b9a4b58b90c638da09fe0c358c38975",0.0
"0x1182a902ef6f5ddb6f25ca2da8712f27e1e8cc35",0.0
"0xdef1c0ded9bec7f1a1670819833240f027b25eff",0.0
"0x8895175e28585b465347e47bdfeb467da6f3e991",0.0
"0xe9fcb29890572e5e02ac4893b7e1771740607d24",0.00906421
"0xb594d857e042f41b8425673686d93c2a480edae4",49.051271808
"0x8d51e49d30e32e4786e074b53dd5541ce2103e1e",0.0
"0x7f9bf3ca1b53f2d664d4fa05dc1111932e0b8f3b",1.04663155
"0x970048ba62de979f81eb93da355bc64f94c33410",0.0
"0x0000000099cb7fc48a935bceb9f05bbae54e8987",0.000000004
"0x4c37700d949db46aa11a9f1627070f9af31f8011",0.002957293
"0xeb2203d22ed72b66c6afbdd4c5b7a5118772427e",0.000000001
"0x790ca57ec46d31ea3b7ec9a69ac1af32f41ed46a",13.87568952
"0xcbd206c11844ed242e3e910a09c171658185c14c",2.05037286
"0x74bc89a9e831ab5f33b90607dd9eb5e01452a064",0.0
"0x755b501ab26cc6fd028e8968ffd292fe6a12c873",0.0
"0x431b5ddb0ace97ebc3d936403ea25831bad832b6",0.0
"0xc63c8459fea26c0bc116da495452c3484cd4b9be",167.457254757
"0xc3756a826ca467cb14e4453d4d2cacbf5c993f64",0.0
"0x68cc21f7c777243d1a9c71c2349bfdccd8ca7b78",0.0
"0x2f7d01a31fe739a0f3456d485ad6a093fa8ed28f",0.9091739
"0x66b5fc478feb3083f7fc3d77b668e698ded346cc",0.0
"0x9e00e9c19a3197b9f19d00f696541d97d8b8e3e4",0.000000001
"0x6a0feb37e1b03ee1b599277a7cb57192b4890917",0.0
"0xba12222222228d8ba445958a75a0704d566bf2c8",0.000000001
"0xef1c6e67703c7bd7107eed8303fbe6ec2554bf6b",0.0
"0xe26d56c141ddd37839576c3f77375c664cc37f89",0.90094767
"0x4c7d7209ea1d59d178a56b2b5decf2e23843f4e0",337.438798697
"0x9fb4b513e5e230b2ad153f5fc309b33548bb8a58",129.946940411
"0x9d4321ff203bf403f832697643f256818b686df6",0.0
"0x6c6187fb33f3f82089d44bc16238f6a00bbdd5a5",0.8940829
"0x9defcb171005dcaf1fc806df8cb58bdaff8e7f80",0.0
"0xa614a011302283be8e35fd2402bbf45192b802f0",1.38282086
"0x6896a89c599e62efcec31d5e22848a680daa5b78",0.0
"0x8ab8e6cea2d9b11e84b3ab955544471e972a69c1",1.03689719
"0x5d1b4a6fdec9cd372cec6341bae34656b64f80f3",0.87178369
"0x21c3370a0c214773bf511b7be0e4cba85ccbb2ed",84.967532772
"0x56a8b905964fa15330e5df8cbd43773ff033c666",0.0
"0x0393bab31d7f7bea904475de10ccc692c4d6c5ce",1.7836487
"0x4970197593ef5aed9d2c33409b953f5f9bb22563",0.0
"0x16947cf5bff30f01c528538a89799627645f06bb",0.000000001
"0xeda60e148ec704102fc0f44a8e1a340dc57706c3",0.0
"0x90f28a5a02e093f0c3334fb0ee25810b0ced4dbc",8.61907752
"0x33be483469aa56de0708b64a01403ee154d136d4",1.71526605
"0x963cc52e627affc1035174e88750ea3c0a9b7aaa",0.90059634
"0x9ebe548792f50fb0c1846ec147c394e86a11122d",2.65625472
"0x75d979efc12f03346e2753ad5154c58a39230d38",1.49035716
"0x69c58a96991aff9e5d6cfbbc090f9d69ba039569",0.0
"0xc13572be55626eb0625c5a43583c891122cd8dd5",0.90819518
"0x84a7afd0dcadd42ce305389ad1fa8ca6dba5dfec",0.85816161
"0x900188ac9a13b7bc8bb009fe10587978d25941d5",0.91836954
"0xd79fe5ca182b112e62d1466068b572493b88cb24",0.000000001
"0xcb51dea59476db1c5ab125f087a77da7b3a49897",0.88630084
"0xf31c3b47fe0db79b162b9fdc8d391806505ad8b7",1.0
"0xdf367477c5e596af88e8797c3cde8e28854cb79c",290.939805792
"0xf6edffd55c1a99fe0ab68b29b960faa15ee0e833",0.0
"0x82718b27d74e8dcab0d143d5ff94bfc83026a1c0",0.87944099
"0xfc5c3d8e22cf4d03d4216236483f30dd58ab7061",0.0
"0xd0a7c8e28ccf057662107281db2ed43e1881cfbb",0.000000001
"0xb1b4d062353dd744f527911aa293be64706e4130",0.0
"0x07a1f6fc89223c5ebd4e4ddae89ac97629856a0f",3.661403842
"0x2fe3e3d66b62183553c6aeb0ad8128cdbc3183a5",0.0
"0x6ff8c20ddc80b991bfc65a44defc9f460b2fcf86",0.89992316
"0xd838be76e62a0995aeb0aa9ff69ab07d790aa267",13.11049784
"0x85a3f68046a57fb712ff93a7a34b7a71a4326c9f",0.87913804
"0x719bde68d4f3ecec9189b35c05d74478019cb57d",1.46367326
"0xe047b82f05c58df801b0e3334b0a08a7538ef93b",17.11503913
"0x0000000000000000000000000000000000000000",0.0
"0x116a5ed06d4f895cc51e3d3f2e84dc0ea2855b13",0.0
"0xa52395f3b42ec41a97af9cc6bf734c19db5b29f6",0.000078025
"0xfe2321d7dfa492dfc39330e8b85e7c49161e7f98",0.000012195
"0xa22e79a7c4912683187096e6eb81fb6c26928c87",2.2493968
"0xbfb2fd39fa222d843a5c5638890f0e2d55d0a235",13.63653979
"0xa71b95be345f99fca4bf4360ceb4dca6aa8ac132",0.8595742
"0xe91d93f713946f7742c10df35ffec463c842dead",0.0
"0xde1d5263195e5febf250a95b75f74c9a812208d1",0.97345904
"0x1fed7a92f7d1e4556662be40a01e7971df98a880",1.071684
"0xf54cbf4b5a58c822d2f78de5808ccc138ca7b906",0.0
"0x6dd91bdab368282dc4ea4f4befc831b78a7c38c0",1.0
"0x188c30e9a6527f5f0c3f7fe59b72ac7253c62f28",0.931853928
"0xe2a1a93f4d1e170f9187ce467ffa89988ca83f15",678.855329414
"0x7e0c73af898e1ad50a8efd7d3a678c23cd90b74c",468087.531063517
"0x675bba88aac7ff877eba8b385571b969f3ab8c83",0.0
"0x1193d3e523f7d07e3327f2156f182b82124217a6",0.0
"0x79d8a1176afdbd89e88ed2219b36c09a135c57b7",0.90073249
"0x600f6f437f1edc43d67ecd1aeb36899112d74f6b",2.74779934
"0xfd36a5dc09d22d770dfa6093610b80295614bc79",0.0
"0x0b6b1e9f7111534ee8d1e41f4201f9a3fd3ac4e4",0.90368779
"0xa9a80bd6ab5b4cff9b988f92c6e96bdb8c6e82f6",26.345843326
"0xdb1117073b8a4cbb588ba45c084f77387edc4213",0.0
"0x79f418547d96983f108ddebcb1e481a90fa327d9",0.90025401
"0xa7ba3380db7c57408f337dd1581274336e2a00d6",0.96675989
"0x51382c7e0ff4dd26683b3356f4fd1320f9cf3327",0.0
"0x988de50d0b424500a81d5985118750f5401857f9",0.0
"0xadf4f018b793106e3711d5ea8aa1f49db84a66f2",2.00433695
"0x40632a69e739494c7a1e915bfadce82dc0a9c7d4",1.2043594
"0x9c31311801938bcfe7ed2d5d9409b7382e6bf476",0.94090305
"0x9e6d3b086167d1cd79d1c618c1ee4fc3334824d2",0.93262745
"0x9108813f22637385228a1c621c1904bbbc50dc25",0.0
"0xda173cfbda96d7238dac200ef563c9a9678fb429",0.89645909
"0xe7e1f45b2fa011493a180986d645f5b5e7e33cc2",7.52515599
"0x6acf83fe987f2adb424a221bde860dbb7c3093b7",0.0
"0xeb515e52196cbedd17ea16bd29b3fa429a7b67e3",8.51870146
"0xfae73e896f6e35bf60a52c4f7275381e8d0f6344",0.0
"0x16bf8f996be9a723ff33e6c34a5dd47e8762bda3",75.727159093
"0xa01dd79c6a09cd5d51278dba059114bc2cb5ebce",16.437052625
"0xdd618ddead11f58b3be502d562240aa943ccbe85",1.0
"0x6c58398eb2fc5f1bb33663d5af32a1786e4e0006",105.368809891
"0x0e8259be769f89cc28d0d27305a3612ce83796bd",0.0
"0xe592427a0aece92de3edee1f18e0157c05861564",0.0
"0xf884f2d80853d2e169501d2b938d015a983793ce",1.18198583
"0x7014ed93f3b47fc4b83ce9f22b5f0872578de9c8",0.0
"0xdb8038f914778eb4e4c41a43e7b2195b6bf57a79",0.97280106
"0x7b0507e0b2feb81b3fd618ac13e85c3f1980738a",0.0
"0x68032f70fdf1134bc93598d76c579c3b83f93cfd",0.0
"0x7e7c633a0765694ab8bb1271e1445642ae093d53",0.056069517
"0xdd55476681baa2a0bcfd3e53106f4405e5ab260d",0.000000001
"0xf8767f15de1222b61057f8a32699ff9bfa0fd444",0.94370062
"0x59e4b5ae5e3cf4b651a1682a3342a00d0c779dda",0.0
"0x74cb0175a60d0b952bbe116f0185dd5d80933705",0.702507231
"0x8cd9a395eeec6442dc6a85f053a4b0043259735a",0.0
"0xaa2ba518b24c98fea2cdf52018ae32aae269b4ea",0.87384192
"0x79e89150a3cd767b5ce843a57daf6f4960f708ff",1.02002716
"0xdc54512c681cd523d3bbdf2f2f53afd0085512cf",0.0
"0x8f6c44e2c8af8ff5ddfe6d6457d3c9a71ce2dd30",1.65585001
"0x8ec62d58446bf48c88c8b07fbe1218e7c52d6d15",0.0
"0xe4263d8492b5bb8ddaf9c6991e19f5753d7d325c",0.000000001
"0x0688547a2b5f07327a7a2644fb649caa29c730eb",2.115600429
"0x669a2687258500e2b965dc84dd52df1f90ec7362",0.88514159
"0xb9832812f6f1509572e7b827cab10dce3f095522",1.0
"0x78d9bbe129442d14e22febd9b971cd3f4c82ee39",0.99863344
"0x95116d1d589bcab3e0e48898f4ea4eb8edc6940a",300.563145023
"0x55dcad916750c19c4ec69d65ff0317767b36ce90",0.0
"0x48a717aaf76bde2694da47586fa4940424f4dc8b",1.43576215
"0x15bbcf76110505d3be5a9eb10c63f57f66d20c40",2.59083377
"0x0bc83bebe60497e2529c13aee3e45f0de7182cb5",4.16666667
"0x120a96cdd4895336c4f854be2c4a581681575a9e",0.88697345
"0xf546acba4e1ce9e0d092c75887fb2b2e4c7c13cd",0.0
"0xdef171fe48cf0115b1d80b88dc8eab59176fee57",0.0
"0x17535cc8178936c55b7eba7844dd43e958d45db9",100.0
"0x6383acb18c3eec56ca36e6dd3d97ba6b1e45e64c",0.96209421
"0xb949c57be508b4c56517de3d8234351336608d75",8.54700855
"0x1d3a5f54eb382a9be3f676fd2e8becf146802f7f",0.93238757
"0x1bb818c7c1314b38a986bf1a7f0be3370c3a8024",0.000307604
"0xe6166322751444fbfad35adf6a0e917b4d6c1746",1.0
"0x18297d604e9fa56512445cd4f256ea0fcf2eb42b",1.11590749
"0xe77251887bc1a98ac9d1ff0c0923bb1c3a63cac9",0.96752908
"0xdf7109b24eecca3f5ec7813947d188ecf9101c1f",0.0
"0x64cc80b43ab31bfd9ba6618146de3f1f7ddc2e5f",0.89849617
"0xf82db42774773929d9a07289f992ac8fefa29d0c",0.001
"0xebc3ef7895f9922940077305d43782437f3fb519",0.0
"0xdc7f33df918e3268e96a25da34ce734b761314b1",35.94278313
"0x53222470cdcfb8081c0e3a50fd106f0d69e63f20",0.0
"0x913448a5fa46b6927df8b9dfb70f9882bc543f15",1.05763108
"0x3db9ba4395c9a4412c3b0adc9464db5f664d910d",0.0
"0x449c90e28c6fb9ea945043557853cfad613f1369",0.0
"0xaeec4ce65749a316ece8229d00bfe3e91e7a50e0",1.17388321
"0x4530d87dfbdd0a59c499249f08c67dc8b4bd6ee1",0.0
"0xd2c95fd9478153945a8f45e0d6d65a17c63c7706",0.0
"0xa14ef87fa8a8568c533aa570663b70c09f18301b",0.8797659
"0x40f6ea2e906c9d4a744a668df9b730b1f61a7a91",0.0
"0x3b17056cc4439c61cea41fe1c9f517af75a978f7",0.0
"0x358fdf9388723605945f7d110b8af06714fc5147",1.82215314
"0xeb8e73ffe8a0eef89faf3683c485200271e4e901",1.073253864
"0xee754bac2635081eb71c95a6834116fc4891cc9b",0.0
"0xacc90f902fa5b82cddc23748f6707c9bc6bad363",0.92967547
"0x3d8811fd7fc4302c65998cfb18c54e50ca62c539",0.000000001
"0x658898f80d95d786bb9839cee3a1a754eae35ed4",0.000000001
"0x21fa2903b777719ba4d563f77dfdca3ade543a63",1.33785092
"0xbfebbb55b203bf425914291cd75f66a5d99b5268",0.0
"0x1b71a6b269e19861c12567b6dd491116d3635d39",5.21953078
"0xfde1cc9cea7721a9f5ed2ea01245f1c0ed7be513",1.74698636
"0xf06a22c84c6634f814117ff5d6c39bb7d7bade6c",0.187954839
"0x5f4f120d8435ea38f0f4635a910fee03801be88d",0.0
"0x9272c617d1c585b233d9659f52b662a5a1383db3",0.96477729
"0x5fda35b28f9dc8c538876960ac330f0a471a73b3",0.87291827
"0x3637d7f6041d73917017e5d3e2259473215ecf6f",57.718469319
"0x5cf00981051d1b2089af349ef9e074420ad7ae82",0.0
"0xc3a947372191453dd9db02b0852d378dccbdf271",0.025433463
"0xcd487b07aec6aeb740f3ac438742948653019ba0",1.44164817
"0xb42ed1f43189d2e70d2edf0d951f04778830cf36",0.91929813
"0xf3ff922f7c5da1d75128a86f83be63a71f0f6062",7.069642987
"0xdcfd8bd7eb7308b2e100fa7d52ca75778af1e911",10.526449191
"0x14bdfda5b5b829f14332a52c15129386284ce36a",0.000434473
"0x1a4c1d3d766fa0f0c961a1c4da721a2a6bc5d920",0.0
"0xab50cfb2f01e20897514d72ac50b3e3e7f28c8a6",0.172470374
"0xbbff77dbd20239be6babf4e002c3ef6680ad3785",0.0
"0xe63da102adef772e048375f45a6eab5ebfa263f9",0.87184717
"0x39af01c17261e106c17bab73bc3f69dfdaae7608",878.039553089
"0x32db06085121a120a32a5986f689f2d49ed577d4",0.0
"0x97ad470e27f09acab93a8c03e379da0ab9dbb509",0.0
"0x91d7b249398430237a567e4d7e543e547f443ac2",0.87300319
"0x3a52381884a5b7884907687a8e05cf6a0f91ccb6",0.0
"0x87afaa198117496bce792b6a5de3b33ba7cac73f",1051.674834097
"0x9feca953e467b26e17f081ef5be1b257b5b7c857",19.994505638
"0xe6c4293235d11c9d241d6d204eb366f0afdbe3fa",0.0
"0xf0520845f700796b567cd740876f2e210f2468e5",7.250059905
"0x5c6428181b9b34df8c1f2af7718f03cacc79d183",0.0
"0xd037ac60fc69f644b541a5ee7b6880c719b0b0fb",1.0
"0xee2b24ca7eef3254b7643872cb832ad61c7f249d",0.000000289
"0xc1ec95667359f11b7592389166ef02f8edb4db15",1.02851903
"0xdd92062adf9f6edf528babe7f04804fe86424a74",0.0
"0xa2e2405ffab7a30b7b0bababba3f5fab35ce41f9",0.0
"0x2adb98c4ecc6298ca0d68fcdf38799b2d1097790",8.54700855
"0xf2fb92d099f2cdce0d1778b5625eecd5e508cc9e",0.0
"0x188814b1868953cbfbc19a8c6e3c6651385ab8e0",9988.010100712
"0x05829dc34584003d91c4ef7f2388d5e357e70348",1.44531543
"0xd7d3fc3fc534cc9b6f2bba4d32072882c0828f7d",0.8736074
"0xb8b80807fd29570181fce795d9b8ed4c2f9ab4c1",0.9731293
"0x19dc7cfae2bff62b2483d91b3428726493b84912",0.0
"0x55058ba6bd1b781556a12ac5a8e71247f9c2df41",23.602621474
"0x5e8a170ac08d8ff42e3d3c005de033d482a8108e",0.89696877
"0xf465ccb710db9b419e9f0687e20cf6a5c7b6a165",0.89345608
"0x46c4128981525aa446e02ffb2ff762f1d6a49170",0.000000001
"0x5e18323e6004ea667247128e846e38eaebf62e3f",0.000000001
"0x41483b330d9a277f6735c78f278412cfb5d34a58",0.0
"0x1111111254fb6c44bac0bed2854e76f90643097d",0.0
"0x5db92b4157491c445a1a530659f54c8bcc7126ed",0.0
"0x77ff5ed78b158e67ea155e2cd2a0d3b373348254",0.88627246
"0x38f600e08540178719bf656e6b43fc15a529c393",0.0
"0x84d99aa569d93a9ca187d83734c8c4a519c4e9b1",0.0
"0x31f19527791d48df8e876b310e07306e93d35d46",1.80493431
"0xc943af00a17a9f1b4195ea92293b87bcff3ddbd4",0.93135114
"0x7e4d76ce92bbf54977bc6f0dd0bc9fde789522f2",0.0
"0x7a4d7ce912d537f13690072274e87d63637b1d32",41.75836934
"0x87d5032831e5c092c87eb879e5108da7d58f9192",4.36708757
"0x630c2d090aed8c4791a1d4f5ef7fb51468049dce",0.0
"0x3296b13b1ee66d953d4449bd81581a4612ecc27f",0.0
"0xaffe465ef76f59c06527b6954acead5998ddf6cb",0.0
"0xd11c5cc9a8f53f2caf7b6657fa21a3893ad1d702",16.8970463
"0x79b394076a89dabe96061a3e166156398f9e2d8a",2.96599371
"0x7c61f0f4de96ed8c831841a60033f2c65ac9a5d4",1.0
"0x881d40237659c251811cec9c364ef91dc08d300c",0.0
"0x4bf07089d76af1bed2c671367ce10cf98b00ed1a",0.96916863
"0xef2e9205165cd14f9422d3e33ec1d072cfe772c6",1.28598495
"0x1e6edacf42c3f87c2ed490f84e8bc73a7d7a7188",40.272996715
"0xc37c68729090dfd1d81062b9f62c73d71eb777f9",1.2
"0xf9af38f878690a238c906af6302f6fc9b330195f",0.88642814
"0xdd0838c40e3b13c1ef40f5f8c31a3d59b8a550c6",1.8100295
"0x311675841673a4c5ecc6962e0c431c16114bf200",0.000006063
"0x028ec5ddd958453eecf1b43ff9e20acc7eae21b9",1.12224448
"0x34517396298c30a181af0906c48c986ae69e2d10",0.000000001
"0x382ffce2287252f930e1c8dc9328dac5bf282ba1",13.474802416
"0xdc233531aebc70a3f7cea13a88cc6d2ad87084b7",6.4988881
"0x90387e7d076fcbf3505dc48b43a36a70cafde3bb",0.94706875
